"Data/Hora","Produto","SEC 6 - Lote","SEC 6 - Processo","SEC 6 - Nivel TQ Origem (g/l)","SEC 6 - Lote TQ Origem","SEC 6 - Massa Seca TQ Origem (%)","SEC 6 - Totalizador de Entrada (auxiliar) (kg)","SEC 6 - TQ Origem","SEC 6 - Volume TQ Origem (m3)","SEC 6 - Umidade Absoluta Antes Munters (g/kg)","SEC 6 - Rotação Ventilador Principal (rpm)","SEC 6 - Temperatura Ar Antes Regeneração do Munters (°C)","SEC 6 - Temperatura Ar Após Regeneração do Munters (°C)","SEC 6 - Taxa de Água Evaporada (%)","SEC 6 - Vazão de Produto (L/h)","SEC 6 - Rotação Ventilador M326003 (rpm)","SEC 6 - Temperatura do Ar após M326003 (°C)","SEC 6 - Pressão do Ar Após M326003 (bar)","SEC 6 - Umidade Absoluta Após M326003 (g/kg)","SEC 6 - Temperatura após M326013 (°C)","SEC 6 - Rotação Ventilador M326004 (rpm)","SEC 6 - Temperatura após M326004 (°C)","SEC 6 - Vazão do Ar Após M326004 (m3)","SEC 6 - Pressão do IFB (bar)","SEC 6 - Rotação Ventilador M326005 (rpm)","SEC 6 - Temperatura após M326005 (°C)","SEC 6 - Vazão do Ar Após M326005 (m3)","SEC 6 - Rotação Ventilador M326006 (rpm)","SEC 6 - Temperatura após M326006 (°C)","SEC 6 - Vazão do Ar Após M326006 (m3)","SEC 6 - Pressão do EFB (bar)","SEC 6 - Rotação Exaustor M326009 (rpm)","SEC 6 - Pressão da Câmara (bar)","SEC 6 - Pressão de Entrada CC326001 (bar)","SEC 6 - Pressão de Saída CC326001 (bar)","SEC 6 - Pressão de Entrada CC326002 (bar)","SEC 6 - Pressão de Saída CC326002 (bar)","SEC 6 - Pressão de Entrada CC326003 (bar)","SEC 6 - Pressão de Saída CC326003 (bar)","SEC 6 - Pressão de Entrada CC326004 (bar)","SEC 6 - Pressão de Saída CC326004 (bar)","SEC 6 - Temperatura Após AQ326001 (°C)","SEC 6 - Temperatura TQ326001 (°C)","SEC 6 - Nível do TQ326001 (%)","SEC 6 - Pressão dos Bicos (bar)","SEC 6 - Temperatura Após AQ326002 (°C)","SEC 6 - Temperatura de Saída da Câmara (°C)","SEC 6 - Totalizador de Entrada (kg)","SEC 6 - Abertura da válvula F4","SEC 6 - Abertura vv de vapor principal","SEC 6 - Bico 1","SEC 6 - Bico 2","SEC 6 - Bico 3","SEC 6 - Bico 4","SEC 6 - Bico 5","SEC 6 - Bico 6","SEC 6 - Pastilha 1","SEC 6 - Pastilha 2","SEC 6 - Pastilha 3","SEC 6 - Pastilha 4","SEC 6 - Pastilha 5","SEC 6 - Pastilha 6","SEC 6 - Bico 1 Do Secador 6 Status","SEC 6 - Bico 2 Do Secador 6 Status","SEC 6 - Bico 3 Do Secador 6 Status","SEC 6 - Bico 4 Do Secador 6 Status","SEC 6 - Bico 5 Do Secador 6 Status","SEC 6 - Bico 6 Do Secador 6 Status","SEC 6 - Um. Abs. Saída Munters","SEC 6 - CV Válvula de Controle de Pressão LF-02 (%)"
"05/07/2024 09:51:22","Bionis YE GMX 18 - Ext.Lev SC-20 AGLO","Q624231 (155608)","Secagem - 7a H","","24ME0651 (155542)","45.14","14882.76","TER 5","","9.17","92.00","27.38","39.11","73.36","2306.20","","164.59","98.12","0.00","38.46","79.50","74.90","9484.01","242.68","49.00","33.62","1516.52","43.00","27.32","1608.73","-7.16","83.00","-8.15","-62.95","-186.67","-68.35","-176.46","-62.76","-187.50","-57.21","-176.91","73.51","76.42","29.43","156.85","84.73","94.88","14882.76","100.00","71.38","1.48","1.48","1.48","1.48","1.48","1.48","6.00","6.00","6.00","6.00","6.00","5.00","1061","1061","1061","1061","1061","1033","2.76","61.88"
"05/07/2024 10:51:21","Bionis YE GMX 18 - Ext.Lev SC-20 AGLO","Q624231 (155608)","Secagem - 8a H","","24ME0651 (155542)","45.14","17709.48","TER 5","","9.51","92.00","28.31","39.70","73.56","2310.28","","165.74","98.61","0.00","39.38","80.00","75.02","9509.23","242.76","49.00","34.66","1506.99","43.00","27.67","1599.86","-2.47","83.33","-7.19","-59.89","-183.64","-68.18","-174.72","-61.33","-186.25","-55.29","-176.68","67.76","72.36","29.85","157.58","83.45","95.20","17709.48","100.00","65.47","1.48","1.48","1.48","1.48","1.48","1.48","6.00","6.00","6.00","6.00","6.00","5.00","1061","1061","1061","1061","1061","1033","2.63","63.07"
"05/07/2024 11:51:22","Bionis YE GMX 18 - Ext.Lev SC-20 AGLO","Q624231 (155608)","Secagem - 9a H","","24ME0651 (155542)","45.14","20549.45","TER 5","","9.65","92.00","29.20","40.70","73.70","2313.80","","164.34","97.96","0.00","40.14","80.00","74.88","9470.33","244.52","49.00","35.84","1504.08","44.00","28.22","1609.73","-0.80","83.05","-6.89","-57.70","-181.17","-64.41","-172.44","-52.76","-181.10","-50.58","-172.33","68.81","69.18","35.64","158.22","84.98","94.64","20549.45","100.00","64.54","1.48","1.48","1.48","1.48","1.48","1.48","6.00","6.00","6.00","6.00","6.00","5.00","1061","1061","1061","1061","1061","1033","3.01","63.36"
"05/07/2024 12:51:22","Bionis YE GMX 18 - Ext.Lev SC-20 AGLO","Q624231 (155608)","Secagem - 10a H","","24ME0651 (155542)","45.14","23385.24","TER 5","","9.44","92.00","30.04","39.82","73.57","2311.29","","165.07","97.56","0.00","39.76","80.00","74.89","9427.45","242.03","49.61","35.38","1499.09","43.39","28.05","1602.03","-3.90","84.00","-9.50","-60.49","-186.34","-69.74","-176.21","-62.29","-187.17","-56.62","-176.83","70.61","71.80","35.86","158.13","85.72","94.85","23385.24","100.00","68.81","1.48","1.48","1.48","1.48","1.48","1.48","6.00","6.00","6.00","6.00","6.00","5.00","1061","1061","1061","1061","1061","1033","3.02","62.13"
"05/07/2024 13:51:23","Bionis YE GMX 18 - Ext.Lev SC-20 AGLO","Q624231 (155608)","Secagem - 11a H","","24ME0651 (155542)","45.14","26220.27","TER 5","","9.16","92.00","31.06","40.77","73.58","2311.59","","164.63","98.78","0.00","40.37","80.98","74.89","9438.58","244.87","50.00","36.17","1494.04","44.00","28.40","1585.94","-5.75","84.00","-8.81","-60.90","-184.51","-67.02","-176.05","-59.90","-185.54","-55.52","-175.40","72.19","73.75","30.75","157.65","85.04","94.62","26220.27","100.00","67.11","1.48","1.48","1.48","1.48","1.48","1.48","6.00","6.00","6.00","6.00","6.00","5.00","1061","1061","1061","1061","1061","1033","3.07","64.14"
"05/07/2024 14:51:23","Bionis YE GMX 18 - Ext.Lev SC-20 AGLO","Q624231 (155608)","Secagem - 12a H","","24ME0651 (155542)","45.14","29053.63","TER 5","","8.74","92.00","31.88","40.36","73.58","2314.32","","165.00","102.49","0.00","40.45","80.91","75.09","9516.14","249.57","50.00","36.31","1498.23","44.95","28.62","1616.50","-1.21","85.00","-6.63","-54.51","-183.18","-63.77","-173.84","-56.62","-180.60","-53.31","-172.43","69.92","72.80","26.75","157.69","84.50","94.77","29053.63","100.00","68.80","1.48","1.48","1.48","1.48","1.48","1.48","6.00","6.00","6.00","6.00","6.00","5.00","1061","1061","1061","1061","1061","1033","2.85","63.47"
"05/07/2024 15:51:23","Bionis YE GMX 18 - Ext.Lev SC-20 AGLO","Q624231 (155608)","Secagem - 13a H","","24ME0651 (155542)","45.14","31891.21","TER 5","","8.80","92.00","32.18","48.26","73.74","2314.88","","165.39","105.84","0.00","46.70","80.05","75.10","9542.06","247.32","50.33","40.24","1487.47","45.00","31.97","1607.24","-2.04","84.80","-2.81","-50.04","-171.90","-60.21","-164.07","-47.99","-174.79","-48.21","-165.78","67.62","70.14","25.17","158.36","84.66","94.59","31891.21","100.00","53.48","1.48","1.48","1.48","1.48","1.48","1.48","6.00","6.00","6.00","6.00","6.00","5.00","1061","1061","1061","1061","1061","1033","1.61","63.84"
"05/07/2024 17:27:19","Bionis YE GMX 18 - Ext.Lev SC-20 AGLO","Q624231 (155608)","Secagem - 14a H","","24ME0651 (155542)","45.14","34834.11","TER 5","","8.90","86.00","32.59","37.01","14.68","464.29","","132.42","92.44","0.00","37.62","60.53","69.73","7423.10","150.98","40.35","32.27","1575.31","52.97","31.49","1631.05","-0.35","77.00","-4.40","-54.86","-164.41","-64.08","-151.25","-56.43","-166.99","-53.07","-157.08","57.46","61.74","51.99","156.52","79.75","106.30","34834.11","100.00","20.71","1.48","1.48","1.48","1.48","1.48","1.48","6.00","6.00","6.00","6.00","6.00","5.00","1061","1033","1033","1033","1033","1033","2.81","93.32"
"05/07/2024 18:27:20","Bionis YE GMX 18 - Ext.Lev SC-20 AGLO","Q624231 (155608)","Secagem - 15a H","","24ME0651 (155542)","45.14","36471.98","TER 5","","9.12","92.00","30.24","43.50","71.69","2284.86","","161.37","97.52","0.00","42.32","81.00","75.02","8688.13","281.56","39.00","38.50","1500.94","50.86","30.19","1624.47","-8.63","83.00","-10.05","-56.90","-183.76","-66.78","-174.67","-60.72","-183.31","-57.66","-175.30","77.81","69.44","51.24","154.00","85.68","98.93","36471.98","100.00","56.14","1.48","1.48","1.48","1.48","1.48","1.48","6.00","6.00","6.00","6.00","6.00","5.00","1061","1061","1061","1061","1061","1033","2.13","92.65"
"05/07/2024 19:27:20","Bionis YE GMX 18 - Ext.Lev SC-20 AGLO","Q624231 (155608)","Secagem - 16a H","","24ME0651 (155542)","45.14","39268.04","TER 5","","9.28","92.00","29.79","47.79","72.64","2281.19","","165.57","99.99","0.00","45.78","83.00","75.02","9131.83","308.99","51.00","39.97","1485.56","51.05","31.98","1611.50","-8.66","83.45","-7.78","-56.90","-176.41","-64.21","-170.08","-56.17","-179.33","-48.81","-170.32","70.60","70.89","34.57","153.19","84.53","95.79","39268.04","100.00","56.44","1.48","1.48","1.48","1.48","1.48","1.48","6.00","6.00","6.00","6.00","6.00","5.00","1061","1061","1061","1061","1061","1033","1.33","86.89"
"05/07/2024 20:27:20","Bionis YE GMX 18 - Ext.Lev SC-20 AGLO","Q624231 (155608)","Secagem - 17a H","","24ME0651 (155542)","45.14","42067.93","TER 5","","8.65","92.00","29.23","47.91","72.72","2279.80","","165.26","99.02","0.00","45.97","84.75","74.91","8911.35","307.63","51.00","40.10","1489.97","52.00","32.34","1582.10","-5.13","84.00","-7.89","-54.43","-178.78","-60.43","-171.83","-55.28","-178.87","-50.75","-170.96","64.14","67.38","37.84","153.73","84.01","95.32","42067.93","100.00","57.07","1.48","1.48","1.48","1.48","1.48","1.48","6.00","6.00","6.00","6.00","6.00","5.00","1061","1061","1061","1061","1061","1033","1.28","82.75"
"05/07/2024 21:27:20","Bionis YE GMX 18 - Ext.Lev SC-20 AGLO","Q624231 (155608)","Secagem - 18a H","","24ME0651 (155542)","45.14","44869.64","TER 5","","8.76","92.00","29.12","41.67","72.86","2282.70","","163.87","97.40","0.00","41.96","84.00","74.98","8878.08","304.93","51.00","39.57","1544.40","51.00","30.31","1627.98","-5.47","84.61","-9.61","-60.89","-180.95","-66.08","-174.59","-60.11","-182.83","-52.40","-173.48","61.88","63.57","41.70","154.92","84.78","94.94","44869.64","100.00","63.29","1.48","1.48","1.48","1.48","1.48","1.48","6.00","6.00","6.00","6.00","6.00","5.00","1061","1061","1061","1061","1061","1033","2.23","77.23"
"05/07/2024 22:27:22","Bionis YE GMX 18 - Ext.Lev SC-20 AGLO","Q624231 (155608)","Secagem - 19a H","","24ME0651 (155542)","45.14","47679.70","TER 5","","9.16","92.00","28.76","48.13","72.84","2281.52","","165.05","93.84","0.00","46.13","84.22","75.02","8950.15","299.63","50.66","40.19","1541.35","50.00","32.32","1607.93","-11.79","84.00","-14.47","-67.84","-187.19","-69.08","-180.14","-67.34","-190.12","-59.45","-181.11","62.62","62.51","43.50","155.08","85.05","95.33","47679.70","100.00","56.48","1.48","1.48","1.48","1.48","1.48","1.48","6.00","6.00","6.00","6.00","6.00","5.00","1061","1061","1061","1061","1061","1033","1.28","71.46"
"05/07/2024 23:27:20","Bionis YE GMX 18 - Ext.Lev SC-20 AGLO","Q624231 (155608)","Secagem - 20a H","","24ME0651 (155542)","45.14","50484.14","TER 5","","9.05","92.00","28.44","40.97","72.81","2283.22","","164.76","99.65","0.00","41.57","84.00","74.71","9046.65","304.30","50.00","39.66","1519.83","50.97","29.92","1589.15","-7.74","85.00","-8.98","-59.77","-183.46","-66.63","-176.04","-59.76","-186.51","-56.01","-177.35","62.61","62.94","42.42","154.64","84.98","95.43","50484.14","100.00","65.37","1.48","1.48","1.48","1.48","1.48","1.48","6.00","6.00","6.00","6.00","6.00","5.00","1061","1061","1061","1061","1061","1033","2.26","67.46"
"06/07/2024 00:27:22","Bionis YE GMX 18 - Ext.Lev SC-20 AGLO","Q624231 (155608)","Secagem - 21a H","","24ME0651 (155542)","45.14","53293.49","TER 5","","8.69","92.00","28.21","46.72","72.85","2281.95","","165.65","96.99","0.00","44.82","84.00","75.12","9076.63","303.53","51.00","40.11","1482.37","51.00","31.44","1582.01","-2.92","84.97","-6.17","-56.66","-178.87","-66.05","-172.35","-61.22","-182.50","-50.84","-172.85","62.51","62.65","39.58","155.17","84.89","95.65","53293.49","100.00","58.66","1.48","1.48","1.48","1.48","1.48","1.48","6.00","6.00","6.00","6.00","6.00","5.00","1061","1061","1061","1061","1061","1033","1.32","63.61"
"06/07/2024 01:27:16","Bionis YE GMX 18 - Ext.Lev SC-20 AGLO","Q624231 (155608)","Secagem - 22a H","","24ME0651 (155542)","45.14","56098.21","TER 5","","8.75","92.00","28.08","48.37","72.88","2280.18","","165.59","96.26","0.00","45.92","84.00","75.02","8885.44","304.03","51.00","39.96","1484.22","51.00","32.30","1608.45","-5.28","84.00","-10.79","-64.72","-185.51","-70.96","-178.11","-65.03","-187.54","-57.20","-177.94","59.94","61.10","38.78","155.52","84.81","95.55","56098.21","100.00","53.61","1.48","1.48","1.48","1.48","1.48","1.48","6.00","6.00","6.00","6.00","6.00","5.00","1061","1061","1061","1061","1061","1033","1.38","62.08"
"06/07/2024 02:11:40","Bionis YE GMX 18 - Ext.Lev SC-20 AGLO","Q624232 (155608)","Troca Lote ou Ordem","","24ME0651 (155542)","45.14","58180.82","TER 5","","8.65","92.00","28.11","42.56","72.94","2282.08","","164.71","95.38","0.00","41.47","84.00","75.29","8912.09","303.33","51.00","38.59","1530.48","51.00","29.68","1609.90","-9.95","84.70","-13.78","-64.10","-189.54","-73.74","-183.79","-62.79","-193.19","-60.00","-183.68","59.49","60.06","38.90","155.64","84.85","95.37","58180.82","100.00","64.36","1.48","1.48","1.48","1.48","1.48","1.48","6.00","6.00","6.00","6.00","6.00","5.00","1061","1061","1061","1061","1061","1033","2.09","61.87"
"06/07/2024 02:12:01","Bionis YE GMX 18 - Ext.Lev SC-20 AGLO","Q624232 (155608)","Secagem - 1a H","","24ME0651 (155542)","45.14","58196.76","TER 5","","8.59","92.00","28.04","42.94","72.93","2280.08","","164.78","99.54","0.00","41.53","84.00","75.46","9055.12","299.67","51.00","38.55","1484.38","51.00","29.69","1604.41","-3.37","84.91","-6.70","-57.53","-178.58","-64.55","-172.69","-58.10","-181.89","-51.96","-173.00","59.35","60.06","38.90","155.72","84.83","95.36","58196.76","100.00","64.41","1.48","1.48","1.48","1.48","1.48","1.48","6.00","6.00","6.00","6.00","6.00","5.00","1061","1061","1061","1061","1061","1033","2.13","62.45"
"06/07/2024 02:27:17","Bionis YE GMX 18 - Ext.Lev SC-20 AGLO","Q624232 (155608)","Secagem - 2a H","","24ME0651 (155542)","45.14","58911.26","TER 5","","8.61","92.00","28.04","43.19","72.99","2283.46","","164.15","99.44","0.00","42.09","84.00","74.99","8923.12","304.63","51.00","39.34","1518.96","50.38","29.83","1605.52","-4.91","85.00","-8.04","-55.05","-179.72","-66.34","-173.43","-60.62","-183.60","-54.43","-174.53","58.83","59.77","38.96","155.83","84.83","95.20","58911.26","100.00","66.57","1.48","1.48","1.48","1.48","1.48","1.48","6.00","6.00","6.00","6.00","6.00","5.00","1061","1061","1061","1061","1061","1033","2.00","62.22"
"06/07/2024 03:27:17","Bionis YE GMX 18 - Ext.Lev SC-20 AGLO","Q624232 (155608)","Secagem - 3a H","","24ME0651 (155542)","45.14","61725.27","TER 5","","8.86","92.00","28.04","47.40","72.98","2282.07","","165.43","100.21","0.00","45.40","84.00","75.07","9111.63","305.29","51.00","39.91","1515.00","51.00","31.84","1581.05","-3.89","84.00","-6.33","-57.56","-177.21","-64.66","-170.91","-55.57","-180.23","-53.67","-170.37","58.07","58.87","40.27","156.20","84.93","95.34","61725.27","100.00","55.86","1.48","1.48","1.48","1.48","1.48","1.48","6.00","6.00","6.00","6.00","6.00","5.00","1061","1061","1061","1061","1061","1033","1.51","62.23"
"06/07/2024 04:27:18","Bionis YE GMX 18 - Ext.Lev SC-20 AGLO","Q624232 (155608)","Secagem - 4a H","","24ME0651 (155542)","45.14","64537.72","TER 5","","8.63","92.00","27.61","47.99","72.95","2282.12","","164.60","97.89","0.00","45.78","84.00","75.49","9019.11","301.08","51.00","39.96","1493.31","51.00","32.11","1584.57","-1.00","84.00","-5.97","-60.42","-179.65","-66.06","-173.37","-57.77","-181.14","-53.40","-172.66","57.56","58.64","41.17","156.02","84.77","94.94","64537.72","100.00","54.08","1.48","1.48","1.48","1.48","1.48","1.48","6.00","6.00","6.00","6.00","6.00","5.00","1061","1061","1061","1061","1061","1033","1.34","62.91"
"06/07/2024 05:27:18","Bionis YE GMX 18 - Ext.Lev SC-20 AGLO","Q624232 (155608)","Secagem - 5a H","","24ME0651 (155542)","45.14","67349.44","TER 5","","8.69","92.00","27.00","47.94","72.92","2281.13","","164.28","96.56","0.00","45.85","84.00","75.10","8991.40","301.16","51.24","39.99","1503.63","51.00","32.45","1616.85","-4.25","84.00","-9.57","-61.02","-179.23","-66.10","-173.49","-60.05","-181.69","-52.25","-173.99","58.76","58.74","40.98","156.11","84.96","94.76","67349.44","100.00","52.50","1.48","1.48","1.48","1.48","1.48","1.48","6.00","6.00","6.00","6.00","6.00","5.00","1061","1061","1061","1061","1061","1033","1.30","62.20"
"06/07/2024 06:27:22","Bionis YE GMX 18 - Ext.Lev SC-20 AGLO","Q624232 (155608)","Secagem - 6a H","","24ME0651 (155542)","45.14","70166.63","TER 5","","8.59","92.00","27.00","48.26","72.89","2280.82","","165.39","98.90","0.00","45.70","84.00","75.14","8951.58","302.89","51.00","40.02","1508.50","51.00","32.21","1607.19","-1.08","84.00","-4.28","-53.52","-174.95","-62.05","-167.67","-57.12","-178.26","-49.09","-168.96","56.88","58.56","39.48","155.76","85.21","95.50","70166.63","100.00","55.88","1.48","1.48","1.48","1.48","1.48","1.48","6.00","6.00","6.00","6.00","6.00","5.00","1061","1061","1061","1061","1061","1033","1.16","62.91"
"06/07/2024 07:27:19","Bionis YE GMX 18 - Ext.Lev SC-20 AGLO","Q624232 (155608)","Secagem - 7a H","","24ME0651 (155542)","45.14","72976.00","TER 5","","8.65","92.00","27.06","47.73","72.87","2283.41","","164.97","98.99","0.00","45.51","84.00","75.04","8998.46","302.71","51.91","39.96","1503.97","51.00","32.15","1566.59","-1.08","84.00","-6.20","-57.96","-177.05","-63.04","-169.35","-57.98","-176.72","-52.24","-169.31","56.16","57.66","38.41","155.83","84.72","94.86","72976.00","100.00","56.70","1.48","1.48","1.48","1.48","1.48","1.48","6.00","6.00","6.00","6.00","6.00","5.00","1061","1061","1061","1061","1061","1033","1.20","63.18"
"06/07/2024 08:27:21","Bionis YE GMX 18 - Ext.Lev SC-20 AGLO","Q624232 (155608)","Secagem - 8a H","","24ME0651 (155542)","45.14","75791.63","TER 5","","8.77","92.00","27.42","49.04","72.95","2283.04","","165.16","98.83","0.00","46.22","84.00","75.03","8958.15","304.72","51.00","40.17","1498.56","51.00","32.56","1601.38","-2.17","84.00","-7.20","-58.45","-177.05","-65.32","-170.90","-56.41","-179.71","-51.81","-172.19","55.77","56.76","39.42","155.76","84.78","95.52","75791.63","100.00","54.63","1.48","1.48","1.48","1.48","1.48","1.48","6.00","6.00","6.00","6.00","6.00","5.00","1061","1061","1061","1061","1061","1033","1.27","62.85"
"06/07/2024 09:27:16","Bionis YE GMX 18 - Ext.Lev SC-20 AGLO","Q624232 (155608)","Secagem - 9a H","","24ME0651 (155542)","45.14","78599.44","TER 5","","8.81","92.00","28.74","48.63","73.05","2280.95","","165.59","100.84","0.00","46.38","84.00","75.14","9063.96","301.83","52.00","39.98","1479.47","51.73","32.56","1584.81","-3.28","84.54","-6.40","-57.20","-180.05","-65.75","-171.38","-59.84","-181.65","-54.66","-172.03","55.69","56.60","40.56","155.62","85.02","95.76","78599.44","100.00","55.10","1.48","1.48","1.48","1.48","1.48","1.48","6.00","6.00","6.00","6.00","6.00","5.00","1061","1061","1061","1061","1061","1033","1.36","63.48"
"06/07/2024 10:27:15","Bionis YE GMX 18 - Ext.Lev SC-20 AGLO","Q624232 (155608)","Secagem - 10a H","","24ME0651 (155542)","45.14","81411.94","TER 5","","8.56","92.00","30.12","49.55","73.00","2281.85","","165.48","98.66","0.00","46.90","84.00","75.11","8935.73","303.31","52.00","39.97","1492.55","51.00","33.07","1611.21","-3.78","84.00","-9.69","-61.13","-182.95","-68.67","-174.64","-60.89","-184.40","-56.89","-174.65","54.39","56.23","41.13","155.29","85.00","95.63","81411.94","100.00","51.82","1.48","1.48","1.48","1.48","1.48","1.48","6.00","6.00","6.00","6.00","6.00","5.00","1061","1061","1061","1061","1061","1033","1.50","63.09"
"06/07/2024 11:27:18","Bionis YE GMX 18 - Ext.Lev SC-20 AGLO","Q624232 (155608)","Secagem - 11a H","","24ME0651 (155542)","45.14","84226.00","TER 5","","8.37","92.00","31.67","49.15","73.17","2284.11","","164.05","101.47","0.00","47.32","84.00","75.32","8940.18","302.27","51.00","39.95","1480.25","51.00","33.48","1593.90","-4.46","85.00","-8.04","-54.98","-178.91","-65.93","-171.26","-61.84","-180.00","-55.04","-172.48","46.31","50.57","52.03","155.75","83.74","94.58","84226.00","100.00","54.10","1.48","1.48","1.48","1.48","1.48","1.48","6.00","6.00","6.00","6.00","6.00","5.00","1061","1061","1061","1061","1061","1033","1.39","62.92"
"06/07/2024 12:27:18","Bionis YE GMX 18 - Ext.Lev SC-20 AGLO","Q624232 (155608)","Secagem - 12a H","","24ME0651 (155542)","45.14","87040.12","TER 5","","9.37","92.00","33.04","50.24","73.27","2286.88","","165.00","99.60","0.00","48.07","83.50","74.81","9203.14","299.43","51.43","40.07","1485.44","51.00","33.97","1610.26","-5.44","84.73","-9.59","-57.29","-181.14","-64.48","-172.49","-62.72","-182.70","-55.21","-174.79","47.59","47.91","73.32","155.72","82.69","95.15","87040.12","100.00","53.20","1.48","1.48","1.48","1.48","1.48","1.48","6.00","6.00","6.00","6.00","6.00","5.00","1061","1061","1061","1061","1061","1033","1.57","62.56"
"06/07/2024 13:27:21","Bionis YE GMX 18 - Ext.Lev SC-20 AGLO","Q624232 (155608)","Secagem - 13a H","","24ME0651 (155542)","45.14","89853.48","TER 5","","9.32","92.00","34.05","49.66","73.25","2285.82","","164.35","101.76","0.00","48.03","84.44","74.59","8994.61","303.21","51.00","40.01","1491.99","51.00","34.09","1593.07","-3.93","85.00","-9.05","-54.78","-177.71","-62.41","-169.29","-56.67","-178.69","-51.94","-170.84","51.96","48.80","89.89","158.36","82.71","95.05","89853.48","100.00","54.67","1.48","1.48","1.48","1.48","1.48","1.48","6.00","6.00","6.00","6.00","6.00","5.00","1061","1061","1061","1061","1061","1033","1.66","63.30"
"06/07/2024 14:27:18","Bionis YE GMX 18 - Ext.Lev SC-20 AGLO","Q624232 (155608)","Secagem - 14a H","","24ME0651 (155542)","45.14","92665.22","TER 5","","9.18","92.00","34.65","50.23","73.12","2290.24","","164.96","104.23","0.00","48.55","84.00","74.72","9011.03","304.25","51.00","39.98","1468.72","51.00","34.43","1596.18","0.38","85.00","-5.50","-55.95","-175.56","-61.47","-167.80","-55.23","-177.45","-51.78","-169.06","80.07","51.90","24.75","155.30","83.04","94.85","92665.22","100.00","49.43","1.48","1.48","1.48","1.48","1.48","1.48","6.00","6.00","6.00","6.00","6.00","5.00","1061","1061","1061","1061","1061","1033","1.55","64.10"
"06/07/2024 20:01:34","Bionis YE 5 - Ext.Lev SC-20 AGLO","Q624233 (155505)","Secagem - 1a H","","24ME0652 (155440)","45.14","92665.22","TER 6","","7.02","86.00","28.35","39.52","0.00","0.00","","110.84","71.93","0.00","38.93","60.00","59.53","9209.77","102.79","60.00","41.41","2149.99","60.00","40.46","1980.62","-1.37","79.09","-14.70","-62.30","-190.99","-76.61","-164.51","-64.65","-199.91","-69.09","-184.99","30.02","33.35","","5.98","40.32","99.77","0.00","100.00","8.02","1.48","1.48","1.48","1.48","1.48","1.48","6.00","6.00","6.00","6.00","6.00","5.00","1033","1033","1033","1033","1033","1033","1.11","96.63"
"06/07/2024 21:18:21","Bionis YE 5 - Ext.Lev SC-20 AGLO","Q624233 (155505)","Secagem - 2a H","","24ME0652 (155440)","41.90","799.90","TER 6","","7.65","90.00","26.92","38.98","58.42","1748.07","","145.59","88.34","0.00","38.57","62.02","73.34","8354.54","130.49","40.00","30.93","1497.83","47.00","27.93","1590.06","-3.19","82.00","-6.57","-48.75","-164.77","-56.15","-154.77","-48.29","-169.83","-49.30","-159.01","81.45","63.50","54.39","154.33","85.91","90.79","799.90","100.00","31.75","1.48","1.48","1.48","1.48","1.48","1.48","6.00","6.00","6.00","6.00","6.00","5.00","1061","1061","1061","1061","1033","1033","1.20","89.27"
"06/07/2024 22:18:21","Bionis YE 5 - Ext.Lev SC-20 AGLO","Q624233 (155505)","Secagem - 3a H","","24ME0652 (155440)","41.90","3681.31","TER 6","","7.92","90.00","29.53","40.58","86.23","2584.63","","167.83","95.09","0.00","38.87","68.00","75.12","8979.51","164.25","45.50","34.14","1494.63","46.91","27.99","1610.35","-8.98","85.00","-8.97","-57.25","-175.78","-67.23","-167.87","-56.19","-179.16","-54.02","-169.55","60.71","76.50","25.90","148.98","97.43","89.89","3681.31","100.00","100.00","1.48","1.48","1.48","1.48","1.48","1.48","6.00","6.00","6.00","6.00","6.00","5.00","1061","1061","1061","1061","1061","1061","1.72","81.46"
"06/07/2024 23:18:17","Bionis YE 5 - Ext.Lev SC-20 AGLO","Q624233 (155505)","Secagem - 4a H","","24ME0652 (155440)","41.90","6798.24","TER 6","","8.18","90.00","29.04","41.37","83.88","2517.34","","167.48","96.23","0.00","40.13","64.50","75.15","8667.29","147.91","45.31","37.12","1513.80","47.52","28.90","1603.47","-9.11","84.00","-7.79","-56.76","-171.28","-63.25","-164.42","-53.91","-176.05","-51.07","-166.66","89.89","76.70","47.08","142.52","95.03","91.15","6798.24","100.00","100.00","1.48","1.48","1.48","1.48","1.48","1.48","6.00","6.00","6.00","6.00","6.00","5.00","1061","1061","1061","1061","1061","1061","1.54","75.18"
"07/07/2024 00:18:14","Bionis YE 5 - Ext.Lev SC-20 AGLO","Q624233 (155505)","Secagem - 5a H","","24ME0652 (155440)","41.90","9838.76","TER 6","","8.32","90.00","28.36","43.24","83.45","2511.54","","167.72","95.98","0.00","41.38","63.29","75.00","8500.99","140.63","45.00","39.24","1493.44","47.00","29.58","1587.80","-7.28","84.00","-7.75","-57.36","-169.16","-59.41","-161.98","-58.18","-174.12","-51.57","-166.54","84.45","86.05","55.85","141.12","95.45","92.20","9838.76","100.00","100.00","1.48","1.48","1.48","1.48","1.48","1.48","6.00","6.00","6.00","6.00","6.00","5.00","1061","1061","1061","1061","1061","1061","1.65","68.72"
"07/07/2024 01:17:21","Bionis YE 5 - Ext.Lev SC-20 AGLO","Q624234 (155505)","Troca Lote ou Ordem","","24ME0652 (155440)","41.90","12830.50","TER 6","","8.54","90.00","27.35","42.72","83.59","2512.93","","168.65","96.61","0.00","41.41","64.00","74.92","8524.15","142.72","45.24","38.86","1511.60","48.00","29.37","1608.91","-6.53","84.00","-7.92","-56.25","-170.95","-64.53","-162.81","-58.78","-175.13","-53.10","-165.88","78.60","84.82","45.00","140.75","95.06","92.02","12830.50","100.00","100.00","1.48","1.48","1.48","1.48","1.48","1.48","6.00","6.00","6.00","6.00","6.00","5.00","1061","1061","1061","1061","1061","1061","1.48","65.20"
"07/07/2024 01:17:47","Bionis YE 5 - Ext.Lev SC-20 AGLO","Q624234 (155505)","Secagem - 2a H","","24ME0652 (155440)","41.90","12852.43","TER 6","","8.57","90.00","27.38","42.59","83.53","2513.01","","168.52","95.86","0.00","41.36","64.00","74.87","8464.74","142.98","45.00","38.92","1507.53","47.48","29.37","1609.63","-5.78","84.00","-7.09","-56.74","-172.00","-62.30","-163.32","-58.05","-174.22","-50.81","-167.29","78.56","84.85","44.97","140.83","95.04","91.98","12852.43","100.00","100.00","1.48","1.48","1.48","1.48","1.48","1.48","6.00","6.00","6.00","6.00","6.00","5.00","1061","1061","1061","1061","1061","1061","1.46","65.01"
"07/07/2024 02:17:14","Bionis YE 5 - Ext.Lev SC-20 AGLO","Q624234 (155505)","Secagem - 3a H","","24ME0652 (155440)","41.90","15862.74","TER 6","","9.06","90.00","27.64","43.38","83.59","2514.68","","167.82","95.50","0.00","41.66","64.00","74.97","8454.39","141.06","46.00","38.90","1497.14","47.40","29.54","1610.14","-3.26","84.00","-7.72","-57.83","-171.69","-62.99","-162.34","-55.52","-172.77","-50.27","-165.36","82.36","84.31","48.92","140.80","95.13","91.47","15862.74","100.00","100.00","1.48","1.48","1.48","1.48","1.48","1.48","6.00","6.00","6.00","6.00","6.00","5.00","1061","1061","1061","1061","1061","1061","1.71","63.56"
"07/07/2024 03:17:14","Bionis YE 5 - Ext.Lev SC-20 AGLO","Q624234 (155505)","Secagem - 4a H","","24ME0652 (155440)","41.90","18902.40","TER 6","","9.58","90.00","27.82","42.36","83.59","2511.00","","168.17","96.42","0.00","41.46","64.78","75.06","8530.45","142.93","45.00","39.04","1489.38","48.00","29.60","1605.89","-4.51","84.00","-8.16","-53.54","-171.83","-61.88","-161.60","-55.40","-172.18","-53.40","-166.77","85.35","85.06","49.83","140.93","95.00","91.35","18902.40","100.00","100.00","1.48","1.48","1.48","1.48","1.48","1.48","6.00","6.00","6.00","6.00","6.00","5.00","1061","1061","1061","1061","1061","1061","1.68","62.86"
"07/07/2024 04:17:14","Bionis YE 5 - Ext.Lev SC-20 AGLO","Q624234 (155505)","Secagem - 5a H","","24ME0652 (155440)","41.90","21937.00","TER 6","","9.73","90.00","27.01","43.15","83.57","2512.45","","167.47","96.08","0.00","41.27","64.44","75.06","8520.46","144.45","45.60","38.63","1494.14","48.00","29.53","1615.54","-2.08","84.00","-6.98","-54.97","-169.30","-60.98","-159.09","-55.54","-173.36","-50.07","-163.96","83.54","84.95","44.14","141.28","94.97","91.17","21937.00","100.00","100.00","1.48","1.48","1.48","1.48","1.48","1.48","6.00","6.00","6.00","6.00","6.00","5.00","1061","1061","1061","1061","1061","1061","1.90","63.41"
"07/07/2024 05:17:16","Bionis YE 5 - Ext.Lev SC-20 AGLO","Q624234 (155505)","Secagem - 6a H","","24ME0652 (155440)","41.90","24976.94","TER 6","","9.80","90.00","26.93","41.29","83.61","2511.02","","167.43","96.96","0.00","40.43","64.36","74.89","8502.28","146.49","46.00","38.05","1505.57","48.00","29.20","1608.83","-4.10","84.00","-8.43","-57.52","-172.05","-62.26","-162.04","-57.30","-173.18","-51.34","-164.72","84.62","84.82","42.60","140.67","94.98","91.11","24976.94","100.00","100.00","1.48","1.48","1.48","1.48","1.48","1.48","6.00","6.00","6.00","6.00","6.00","5.00","1061","1061","1061","1061","1061","1061","1.79","63.34"
"07/07/2024 06:17:15","Bionis YE 5 - Ext.Lev SC-20 AGLO","Q624234 (155505)","Secagem - 7a H","","24ME0652 (155440)","41.90","28011.74","TER 6","","9.68","90.00","26.23","42.14","83.53","2511.33","","168.09","95.57","0.00","41.04","64.00","74.92","8587.27","141.82","45.00","38.11","1506.96","48.00","29.17","1587.27","-4.24","84.00","-8.33","-58.25","-173.00","-63.98","-162.68","-56.45","-176.45","-52.35","-168.69","86.32","84.76","44.58","140.86","95.02","91.37","28011.74","100.00","100.00","1.48","1.48","1.48","1.48","1.48","1.48","6.00","6.00","6.00","6.00","6.00","5.00","1061","1061","1061","1061","1061","1061","1.86","63.07"
"07/07/2024 07:17:19","Bionis YE 5 - Ext.Lev SC-20 AGLO","Q624234 (155505)","Secagem - 8a H","","24ME0652 (155440)","41.90","31053.15","TER 6","","9.87","90.00","26.04","41.66","83.53","2509.08","","167.27","96.47","0.00","40.58","63.33","74.88","8527.74","141.53","45.00","37.79","1487.34","47.54","29.19","1601.87","-4.53","84.00","-8.29","-55.04","-172.31","-64.24","-160.36","-56.47","-173.27","-55.04","-167.14","81.52","85.04","45.62","141.05","95.02","91.23","31053.15","100.00","100.00","1.48","1.48","1.48","1.48","1.48","1.48","6.00","6.00","6.00","6.00","6.00","5.00","1061","1061","1061","1061","1061","1061","1.80","63.62"
"07/07/2024 08:17:12","Bionis YE 5 - Ext.Lev SC-20 AGLO","Q624234 (155505)","Secagem - 9a H","","24ME0652 (155440)","41.90","34106.04","TER 6","","10.14","92.00","26.38","42.53","95.09","2855.30","","166.23","97.75","0.00","41.09","69.00","74.91","8927.45","168.88","45.00","37.60","1496.69","48.00","29.08","1585.58","-5.17","86.00","-7.92","-51.99","-175.49","-64.82","-164.49","-53.94","-176.96","-53.01","-170.51","83.38","85.06","44.03","153.13","94.01","85.96","34106.04","100.00","100.00","1.68","1.48","1.48","1.48","1.48","1.48","6.00","6.00","6.00","6.00","6.00","5.00","1061","1061","1061","1061","1061","1061","2.04","64.62"
"07/07/2024 09:17:11","Bionis YE 5 - Ext.Lev SC-20 AGLO","Q624234 (155505)","Secagem - 10a H","","24ME0652 (155440)","41.90","37530.99","TER 6","","9.94","92.00","27.55","42.15","93.97","2825.44","","166.89","100.12","0.00","41.07","71.00","75.11","8995.96","188.36","57.48","38.09","1481.64","53.65","29.47","1590.39","-2.47","86.00","-7.70","-55.88","-175.28","-60.97","-164.19","-57.59","-177.33","-50.77","-170.45","80.30","83.59","39.32","149.19","94.58","85.66","37530.99","100.00","100.00","1.68","1.48","1.48","1.48","1.48","1.48","6.00","6.00","6.00","6.00","6.00","5.00","1061","1061","1061","1061","1061","1061","2.04","66.83"
"07/07/2024 10:17:15","Bionis YE 5 - Ext.Lev SC-20 AGLO","Q624234 (155505)","Secagem - 11a H","","24ME0652 (155440)","41.90","40950.61","TER 6","","10.20","92.00","29.22","43.89","93.95","2829.13","","167.17","100.87","0.00","42.54","71.00","74.85","9126.15","185.20","70.00","40.22","1486.28","58.55","30.92","1592.20","-1.48","86.00","-8.35","-54.14","-176.40","-64.42","-164.40","-58.47","-178.71","-54.73","-170.86","83.64","82.75","44.41","149.26","94.93","85.81","40950.61","100.00","100.00","1.68","1.48","1.48","1.48","1.48","1.48","6.00","6.00","6.00","6.00","6.00","5.00","1061","1061","1061","1061","1061","1061","2.47","73.18"
"07/07/2024 10:33:34","Bionis YE 5 - Ext.Lev SC-20 AGLO","Q624234 (155505)","Troca Lote ou Ordem","","24ME0652 (155440)","41.90","41880.86","TER 6","","10.02","92.00","29.97","43.93","93.95","2827.03","","167.54","100.80","0.00","42.71","71.00","74.90","9093.06","187.23","72.10","40.28","1484.94","59.26","31.09","1625.86","-1.93","86.00","-7.92","-51.86","-175.56","-62.44","-163.95","-56.13","-178.00","-56.54","-169.47","87.01","82.57","45.26","149.75","94.78","86.36","41880.86","100.00","100.00","1.68","1.48","1.48","1.48","1.48","1.48","6.00","6.00","6.00","6.00","6.00","5.00","1061","1061","1061","1061","1061","1061","2.38","75.42"
"07/07/2024 10:35:02","Bionis YE 5 - Ext.Lev SC-20 AGLO","Q624235 (155505)","Secagem - 1a H","","24ME0652 (155440)","41.90","41964.41","TER 6","","10.12","92.00","29.87","43.79","94.16","2828.83","","166.55","100.48","0.00","42.75","71.70","75.02","9018.44","187.59","72.40","40.11","1486.28","60.00","31.12","1605.23","2.00","86.00","-6.47","-52.31","-173.81","-60.94","-162.41","-55.22","-175.74","-49.55","-167.15","84.44","82.58","45.27","148.68","94.71","85.92","41964.41","100.00","100.00","1.68","1.48","1.48","1.48","1.48","1.48","6.00","6.00","6.00","6.00","6.00","5.00","1061","1061","1061","1061","1061","1061","2.36","76.72"
"07/07/2024 11:18:13","Bionis YE 5 - Ext.Lev SC-20 AGLO","Q624235 (155505)","Secagem - 2a H","","24ME0652 (155440)","41.90","44424.80","TER 6","","10.02","92.00","30.99","44.27","93.96","2828.09","","167.81","100.95","0.00","43.29","72.00","75.01","8970.50","187.79","76.78","39.93","1503.38","61.00","31.54","1589.25","-1.18","86.00","-8.08","-54.52","-174.35","-61.41","-163.79","-56.25","-176.96","-51.81","-168.92","84.51","83.94","47.42","149.03","95.24","86.43","44424.80","100.00","100.00","1.68","1.48","1.48","1.48","1.48","1.48","6.00","6.00","6.00","6.00","6.00","5.00","1061","1061","1061","1061","1061","1061","2.34","81.69"
"07/07/2024 12:18:15","Bionis YE 5 - Ext.Lev SC-20 AGLO","Q624235 (155505)","Secagem - 3a H","","24ME0652 (155440)","41.90","47840.04","TER 6","","9.99","92.00","32.08","45.29","93.84","2827.62","","166.88","100.13","0.00","43.80","71.52","74.83","9101.04","183.97","79.00","39.93","1496.50","63.00","32.36","1592.29","-0.41","86.00","-8.69","-54.75","-173.53","-62.08","-161.36","-54.25","-174.78","-51.22","-167.61","86.95","85.83","46.32","148.61","95.41","85.96","47840.04","100.00","100.00","1.68","1.48","1.48","1.48","1.48","1.48","6.00","6.00","6.00","6.00","6.00","5.00","1061","1061","1061","1061","1061","1061","2.45","87.43"
"07/07/2024 13:18:13","Bionis YE 5 - Ext.Lev SC-20 AGLO","Q624235 (155505)","Secagem - 4a H","","24ME0652 (155440)","41.90","51252.02","TER 6","","9.67","92.00","33.07","46.38","93.90","2829.94","","168.18","101.56","0.00","44.91","71.44","75.02","8896.74","187.55","80.00","39.89","1503.13","63.63","33.01","1614.42","-1.46","86.00","-7.30","-53.86","-172.56","-58.45","-160.95","-50.27","-176.13","-49.57","-167.16","84.54","84.68","43.30","149.05","94.46","86.30","51252.02","100.00","100.00","1.68","1.48","1.48","1.48","1.48","1.48","6.00","6.00","6.00","6.00","6.00","5.00","1061","1061","1061","1061","1061","1061","2.15","91.79"
"07/07/2024 14:18:13","Bionis YE 5 - Ext.Lev SC-20 AGLO","Q624235 (155505)","Secagem - 5a H","","24ME0652 (155440)","41.90","54668.50","TER 6","","9.36","92.00","33.50","46.41","93.96","2827.81","","167.92","103.17","0.00","45.19","71.00","74.78","8988.49","184.63","81.00","40.15","1489.21","64.00","33.14","1597.61","-3.15","86.00","-9.03","-51.92","-174.06","-60.67","-160.58","-55.90","-174.47","-49.76","-167.48","81.14","83.65","43.25","148.67","94.76","86.36","54668.50","100.00","100.00","1.68","1.48","1.48","1.48","1.48","1.48","6.00","6.00","6.00","6.00","6.00","5.00","1061","1061","1061","1061","1061","1061","2.22","92.87"
"07/07/2024 15:18:13","Bionis YE 5 - Ext.Lev SC-20 AGLO","Q624235 (155505)","Secagem - 6a H","","24ME0652 (155440)","41.90","58084.17","TER 6","","8.94","92.00","33.96","46.30","93.97","2833.79","","167.74","102.81","0.00","45.02","71.50","75.08","8950.11","184.90","81.00","39.97","1506.59","64.00","33.25","1618.06","-5.18","86.00","-7.35","-54.65","-174.90","-60.32","-162.36","-55.60","-175.94","-53.02","-167.05","80.24","81.56","44.94","149.93","94.60","86.33","58084.17","100.00","100.00","1.68","1.68","1.48","1.48","1.48","1.48","6.00","6.00","6.00","6.00","6.00","5.00","1061","1061","1061","1061","1061","1061","2.06","87.68"
"07/07/2024 16:18:10","Bionis YE 5 - Ext.Lev SC-20 AGLO","Q624235 (155505)","Secagem - 7a H","","24ME0652 (155440)","41.90","61500.30","TER 6","","9.37","92.00","32.99","45.71","93.98","2829.83","","167.87","100.43","0.00","45.34","75.10","74.74","9442.15","203.88","82.00","40.42","1489.45","66.00","33.61","1574.94","-6.23","86.00","-7.31","-55.00","-172.91","-60.97","-161.63","-49.32","-174.16","-49.36","-166.67","74.40","78.70","49.98","150.64","94.48","85.82","61500.30","100.00","100.00","1.68","1.68","1.48","1.48","1.48","1.48","6.00","6.00","6.00","6.00","6.00","5.00","1061","1061","1061","1061","1061","1061","2.12","78.45"
"07/07/2024 17:18:12","Bionis YE 5 - Ext.Lev SC-20 AGLO","Q624235 (155505)","Secagem - 8a H","","24ME0652 (155440)","41.90","64930.80","TER 6","","9.42","92.00","32.14","45.83","94.48","2840.81","","167.98","101.96","0.00","44.75","78.00","75.06","9330.04","207.08","81.00","40.02","1506.84","66.00","33.19","1633.14","-10.29","86.00","-8.23","-52.38","-175.05","-63.15","-161.36","-56.79","-175.93","-51.48","-168.76","63.79","70.39","69.44","151.56","93.95","85.41","64930.80","100.00","100.00","1.68","1.68","1.48","1.48","1.48","1.48","6.00","6.00","6.00","6.00","6.00","5.00","1061","1061","1061","1061","1061","1061","2.12","69.32"
"07/07/2024 18:18:14","Bionis YE 5 - Ext.Lev SC-20 AGLO","Q624235 (155505)","Secagem - 9a H","","24ME0652 (155440)","41.90","68387.59","TER 6","","9.23","92.00","30.20","44.30","94.80","2843.63","","167.56","103.07","0.00","44.02","76.00","74.78","9629.26","210.97","81.00","40.02","1503.45","66.00","32.83","1607.15","-6.79","86.00","-7.93","-51.42","-175.14","-63.23","-162.42","-53.53","-178.50","-52.65","-168.98","66.57","65.10","105.87","152.23","95.31","85.38","68387.59","100.00","100.00","1.68","1.68","1.48","1.48","1.48","1.48","6.00","6.00","6.00","6.00","6.00","5.00","1061","1061","1061","1061","1061","1061","2.15","62.17"
"07/07/2024 19:18:12","Bionis YE 5 - Ext.Lev SC-20 AGLO","Q624235 (155505)","Secagem - 10a H","","24ME0652 (155440)","41.90","71494.88","TER 6","","8.83","92.00","29.36","43.83","66.50","1997.73","","167.50","101.39","0.00","42.96","74.80","75.11","9566.81","194.67","75.52","39.78","1519.60","65.00","31.96","1602.89","-1.23","86.00","-8.16","-62.12","-187.30","-70.73","-169.04","-57.29","-188.97","-57.00","-179.67","82.25","66.66","36.13","153.42","90.07","100.35","71494.88","100.00","100.00","1.68","1.68","1.48","1.48","1.48","1.48","6.00","6.00","6.00","6.00","6.00","5.00","1061","1061","1061","1061","1034","1034","1.97","61.64"
"07/07/2024 20:18:11","Bionis YE 5 - Ext.Lev SC-20 AGLO","Q624235 (155505)","Secagem - 11a H","","24ME0652 (155440)","41.90","2147.03","TER 6","","8.73","92.00","29.56","44.57","96.05","2893.86","","167.69","99.06","0.00","43.27","76.00","75.20","9485.55","204.28","65.00","40.07","1495.04","61.00","31.77","1597.63","-2.30","86.00","-7.98","-53.71","-175.05","-61.72","-161.96","-53.19","-177.86","-51.00","-168.05","84.28","83.70","26.72","156.26","96.74","84.75","2147.03","100.00","100.00","1.68","1.68","1.48","1.48","1.48","1.48","6.00","6.00","6.00","6.00","6.00","5.00","1061","1061","1061","1061","1061","1061","1.87","64.08"
"07/07/2024 21:18:12","Bionis YE 5 - Ext.Lev SC-20 AGLO","Q624235 (155505)","Secagem - 12a H","","24ME0652 (155440)","41.90","5593.86","TER 6","","8.83","92.00","27.93","43.35","93.83","2826.98","","167.45","100.70","0.00","42.51","76.00","75.12","9546.03","203.69","67.00","39.84","1520.77","61.56","31.36","1596.44","2.15","86.00","-8.91","-52.50","-177.13","-64.72","-162.62","-56.72","-179.00","-56.33","-168.75","85.84","84.71","40.16","149.29","95.36","85.68","5593.86","100.00","100.00","1.68","1.68","1.48","1.48","1.48","1.48","6.00","6.00","6.00","6.00","6.00","5.00","1061","1061","1061","1061","1061","1061","1.95","76.57"
"07/07/2024 21:32:58","Bionis YE 5 - Ext.Lev SC-20 AGLO","Q624235 (155505)","Troca Lote ou Ordem","","24ME0652 (155440)","41.90","6433.44","TER 6","","8.96","92.00","27.25","43.26","93.81","2826.94","","166.67","97.49","0.00","42.37","76.00","74.96","9604.95","201.60","66.00","39.68","1495.65","61.00","31.21","1591.70","0.77","86.00","-7.98","-51.94","-178.22","-64.13","-163.86","-58.22","-177.88","-54.21","-171.10","83.88","84.76","42.69","149.94","95.06","85.33","6433.44","100.00","100.00","1.68","1.68","1.48","1.48","1.48","1.48","6.00","6.00","6.00","6.00","6.00","5.00","1061","1061","1061","1061","1061","1061","1.91","80.38"
"07/07/2024 21:33:34","Bionis YE 5 - Ext.Lev SC-20 AGLO","Q624236 (155505)","Secagem - 1a H","","24ME0652 (155440)","41.90","6467.55","TER 6","","8.92","92.00","27.31","43.25","93.83","2825.01","","166.82","98.19","0.00","42.41","75.18","75.05","9531.44","201.76","66.60","39.66","1497.68","61.00","31.19","1594.59","2.24","86.00","-8.71","-56.71","-174.16","-61.98","-160.53","-51.32","-174.87","-50.10","-167.30","85.38","84.78","42.79","149.29","95.01","85.34","6467.55","100.00","100.00","1.68","1.68","1.48","1.48","1.48","1.48","6.00","6.00","6.00","6.00","6.00","5.00","1061","1061","1061","1061","1061","1061","1.85","80.09"
"07/07/2024 22:18:14","Bionis YE 5 - Ext.Lev SC-20 AGLO","Q624236 (155505)","Secagem - 2a H","","24ME0653 (155440)","41.90","9004.95","TER 7","","8.64","92.00","27.63","43.29","93.75","2827.12","","166.81","98.46","0.00","42.30","76.00","75.29","9551.91","202.10","66.00","39.77","1495.21","60.00","30.82","1598.72","6.48","86.00","-7.29","-56.71","-177.72","-64.10","-163.60","-55.39","-179.40","-55.62","-170.98","83.59","85.28","46.73","148.97","95.00","85.41","9004.95","100.00","100.00","1.68","1.68","1.48","1.48","1.48","1.48","6.00","6.00","6.00","6.00","6.00","5.00","1061","1061","1061","1061","1061","1061","2.06","93.12"
"07/07/2024 23:18:14","Bionis YE 5 - Ext.Lev SC-20 AGLO","Q624236 (155505)","Secagem - 3a H","","24ME0653 (155440)","41.90","12417.07","TER 7","","8.81","92.00","26.67","43.06","93.91","2826.61","","167.29","96.77","0.00","42.13","75.00","74.92","9436.50","200.28","64.00","39.52","1510.98","59.00","30.50","1609.10","2.09","86.00","-7.50","-55.53","-177.68","-64.27","-163.75","-58.45","-179.66","-53.03","-170.64","83.44","84.24","51.34","149.08","95.09","85.58","12417.07","100.00","100.00","1.68","1.68","1.48","1.48","1.48","1.48","6.00","6.00","6.00","6.00","6.00","5.00","1061","1061","1061","1061","1061","1061","1.99","99.55"
"08/07/2024 00:18:15","Bionis YE 5 - Ext.Lev SC-20 AGLO","Q624236 (155505)","Secagem - 4a H","","24ME0653 (155440)","41.90","15825.82","TER 7","","9.22","92.00","25.87","43.16","93.59","2827.04","","167.73","94.28","0.00","42.02","76.00","75.08","9510.38","200.27","65.00","39.27","1511.41","59.00","30.48","1613.38","-1.96","86.00","-8.27","-56.71","-176.53","-64.97","-163.57","-58.44","-180.16","-55.00","-171.05","86.55","85.10","52.10","149.11","95.21","85.79","15825.82","100.00","100.00","1.68","1.68","1.48","1.48","1.48","1.48","6.00","6.00","6.00","6.00","6.00","5.00","1061","1061","1061","1061","1061","1061","2.14","98.90"
"08/07/2024 01:18:11","Bionis YE 5 - Ext.Lev SC-20 AGLO","Q624236 (155505)","Secagem - 5a H","","24ME0653 (155440)","41.90","19228.93","TER 7","","9.63","92.00","25.31","42.39","93.66","2827.18","","167.18","93.34","0.00","41.73","75.66","74.84","9458.82","200.56","64.00","38.96","1491.20","59.00","30.42","1594.28","0.82","86.00","-7.35","-57.64","-179.23","-65.63","-164.24","-58.65","-181.09","-57.21","-171.11","84.50","85.45","49.45","149.36","95.23","85.53","19228.93","100.00","100.00","1.68","1.68","1.48","1.48","1.48","1.48","6.00","6.00","6.00","6.00","6.00","5.00","1061","1061","1061","1061","1061","1061","2.04","99.80"
"08/07/2024 02:18:08","Bionis YE 5 - Ext.Lev SC-20 AGLO","Q624236 (155505)","Secagem - 6a H","","24ME0653 (155440)","41.90","22635.90","TER 7","","9.85","92.00","24.60","42.38","93.85","2826.85","","166.76","94.55","0.00","41.41","75.64","75.08","9641.60","200.87","64.00","38.24","1491.62","59.00","30.25","1591.65","2.07","86.00","-8.31","-55.82","-179.63","-64.23","-162.52","-58.98","-180.83","-53.73","-170.44","85.31","84.20","46.14","149.55","94.76","85.23","22635.90","100.00","100.00","1.68","1.68","1.48","1.48","1.48","1.48","6.00","6.00","6.00","6.00","6.00","5.00","1061","1061","1061","1061","1061","1061","2.18","99.52"
"08/07/2024 03:18:09","Bionis YE 5 - Ext.Lev SC-20 AGLO","Q624236 (155505)","Secagem - 7a H","","24ME0653 (155440)","41.90","26045.98","TER 7","","10.33","92.00","23.95","42.28","93.86","2826.03","","167.03","91.96","0.00","41.31","75.98","75.03","9450.93","202.35","63.61","38.31","1498.71","59.00","30.14","1608.80","-0.58","86.00","-7.39","-59.82","-179.46","-65.30","-164.38","-57.01","-181.44","-54.43","-171.49","85.21","84.52","45.01","149.77","94.94","85.25","26045.98","100.00","100.00","1.68","1.68","1.48","1.48","1.48","1.48","6.00","6.00","6.00","6.00","6.00","5.00","1061","1061","1061","1061","1061","1061","2.25","99.14"
"08/07/2024 04:18:12","Bionis YE 5 - Ext.Lev SC-20 AGLO","Q624236 (155505)","Secagem - 8a H","","24ME0653 (155440)","41.90","29458.57","TER 7","","10.46","92.00","23.13","38.56","93.72","2824.86","","165.73","93.84","0.00","38.83","76.00","74.98","9558.53","198.87","63.00","35.01","1482.23","58.72","28.76","1599.40","6.18","86.00","-7.67","-56.04","-177.28","-63.85","-163.99","-54.51","-182.14","-54.20","-171.46","79.54","82.11","48.29","149.88","94.09","84.82","29458.57","100.00","100.00","1.68","1.68","1.48","1.48","1.48","1.48","6.00","6.00","6.00","6.00","6.00","5.00","1061","1061","1061","1061","1061","1061","2.99","99.05"
"08/07/2024 05:18:09","Bionis YE 5 - Ext.Lev SC-20 AGLO","Q624236 (155505)","Secagem - 9a H","","24ME0653 (155440)","41.90","32874.07","TER 7","","10.88","92.00","23.27","36.88","94.01","2830.57","","165.74","94.67","0.00","36.93","75.00","74.86","9595.20","200.04","63.00","31.92","1500.27","58.33","27.48","1606.85","11.91","86.40","-7.04","-56.87","-177.96","-66.26","-164.12","-54.92","-180.57","-51.00","-171.93","78.81","79.99","52.43","150.01","95.08","84.74","32874.07","100.00","100.00","1.68","1.68","1.48","1.48","1.48","1.48","6.00","6.00","6.00","6.00","6.00","5.00","1061","1061","1061","1061","1061","1061","3.39","99.57"
"08/07/2024 06:18:10","Bionis YE 5 - Ext.Lev SC-20 AGLO","Q624236 (155505)","Secagem - 10a H","","24ME0653 (155440)","41.90","36291.61","TER 7","","10.88","92.00","22.83","36.58","94.04","2824.98","","164.67","96.32","0.00","36.52","75.56","75.07","9617.78","202.31","63.70","30.87","1486.74","59.00","27.28","1610.22","14.40","87.00","-8.03","-57.80","-179.08","-66.34","-165.54","-56.70","-181.82","-54.29","-172.95","81.49","80.89","54.21","149.90","95.04","84.07","36291.61","100.00","100.00","1.68","1.68","1.48","1.48","1.48","1.48","6.00","6.00","6.00","6.00","6.00","5.00","1061","1061","1061","1061","1061","1061","3.52","99.79"
"08/07/2024 07:18:12","Bionis YE 5 - Ext.Lev SC-20 AGLO","Q624236 (155505)","Secagem - 11a H","","24ME0653 (155440)","41.90","39711.39","TER 7","","11.16","92.00","23.10","36.80","93.87","2826.90","","164.73","96.45","0.00","36.46","74.00","74.77","9718.27","199.03","63.00","31.53","1506.06","58.50","27.32","1604.68","10.08","87.00","-8.17","-57.42","-180.66","-65.18","-166.85","-54.04","-183.18","-55.77","-174.02","83.74","83.15","51.65","149.57","95.64","84.49","39711.39","100.00","100.00","1.68","1.68","1.48","1.48","1.48","1.48","6.00","6.00","6.00","6.00","6.00","5.00","1061","1061","1061","1061","1061","1061","3.72","99.15"
"08/07/2024 08:18:06","Bionis YE 5 - Ext.Lev SC-20 AGLO","Q624236 (155505)","Secagem - 12a H","","24ME0653 (155440)","41.90","43118.47","TER 7","","11.21","92.00","23.76","36.71","93.73","2829.44","","164.60","95.51","0.00","36.66","75.00","75.03","9468.86","202.36","62.00","31.08","1511.55","58.00","27.26","1604.48","8.89","87.00","-7.41","-56.75","-178.68","-63.88","-164.08","-54.02","-182.57","-52.56","-171.57","85.70","85.05","48.47","149.99","95.36","84.49","43118.47","100.00","100.00","1.68","1.68","1.48","1.48","1.48","1.48","6.00","6.00","6.00","6.00","6.00","5.00","1061","1061","1061","1061","1061","1061","3.67","99.42"
"08/07/2024 09:18:08","Bionis YE 5 - Ext.Lev SC-20 AGLO","Q624236 (155505)","Secagem - 13a H","","24ME0653 (155440)","41.90","46531.79","TER 7","","11.26","92.00","25.36","37.48","93.75","2828.34","","164.79","99.11","0.00","37.12","75.00","74.82","9593.05","203.06","61.00","31.18","1514.19","57.21","27.74","1617.85","7.65","87.00","-7.27","-56.80","-182.80","-67.60","-168.03","-55.64","-184.86","-55.73","-176.10","81.52","83.42","45.63","149.78","94.38","84.79","46531.79","100.00","100.00","1.68","1.68","1.48","1.48","1.48","1.48","6.00","6.00","6.00","6.00","6.00","5.00","1061","1061","1061","1061","1061","1061","3.99","99.81"
"08/07/2024 10:18:07","Bionis YE 5 - Ext.Lev SC-20 AGLO","Q624236 (155505)","Secagem - 14a H","","24ME0653 (155440)","41.90","49945.06","TER 7","","11.19","92.00","25.69","38.06","94.09","2827.09","","164.86","93.61","0.00","37.68","75.00","75.31","9471.95","196.22","61.12","31.40","1482.07","58.25","28.04","1571.26","10.36","86.00","-9.39","-60.91","-181.03","-66.30","-166.12","-59.47","-183.57","-57.44","-174.50","78.34","79.71","46.30","149.83","94.55","84.59","49945.06","100.00","100.00","1.68","1.68","1.48","1.48","1.48","1.48","6.00","6.00","6.00","6.00","6.00","5.00","1061","1061","1061","1061","1061","1061","3.92","98.91"
"08/07/2024 11:18:07","Bionis YE 5 - Ext.Lev SC-20 AGLO","Q624236 (155505)","Secagem - 15a H","","24ME0653 (155440)","41.90","53364.64","TER 7","","11.49","92.00","26.07","37.91","93.95","2830.36","","165.19","95.08","0.00","37.59","75.00","74.89","9488.98","202.86","62.36","33.70","1502.24","59.00","28.22","1597.95","9.08","86.12","-7.95","-55.24","-177.96","-65.28","-163.95","-58.47","-180.57","-52.53","-172.80","88.43","82.24","44.42","151.24","95.62","84.32","53364.64","100.00","100.00","1.68","1.68","1.48","1.48","1.48","1.48","6.00","6.00","6.00","6.00","6.00","5.00","1061","1061","1061","1061","1061","1061","4.08","99.55"
"08/07/2024 15:01:08","Bionis YE 5 - Ext.Lev SC-20 AGLO","Q624236 (155505)","Secagem - 16a H","","24ME0653 (155440)","41.90","55858.13","TER 7","","11.29","86.00","28.29","42.96","49.63","1498.91","","141.70","79.23","0.00","41.85","62.43","74.64","7077.88","154.47","39.38","30.20","1498.61","49.00","30.29","1593.40","0.97","77.17","-3.61","-48.00","-149.45","-54.07","-130.71","-47.60","-150.29","-43.95","-143.29","79.58","61.99","41.97","141.01","99.58","92.61","55858.13","100.00","23.49","1.68","1.68","1.48","1.48","1.48","1.48","6.00","6.00","6.00","6.00","6.00","5.00","1061","1061","1061","1033","1033","1033","2.14","97.38"
"08/07/2024 16:01:09","Bionis YE 5 - Ext.Lev SC-20 AGLO","Q624236 (155505)","Secagem - 17a H","","24ME0653 (155440)","41.90","58455.01","TER 7","","11.72","92.00","27.91","46.22","93.60","2817.88","","167.74","93.40","0.00","44.09","84.06","74.94","9352.43","289.13","38.75","30.97","1495.89","46.00","31.07","1599.02","-4.59","86.00","-8.33","-53.87","-177.28","-64.15","-163.34","-55.82","-179.09","-53.70","-170.61","84.82","80.85","49.90","148.90","94.30","85.79","58455.01","100.00","100.00","1.68","1.68","1.48","1.48","1.48","1.48","6.00","6.00","6.00","6.00","6.00","5.00","1061","1061","1061","1061","1061","1061","2.50","96.81"
"08/07/2024 16:28:45","Bionis YE 5 - Ext.Lev SC-20 AGLO","Q624236 (155505)","Troca Lote ou Ordem","","24ME0653 (155440)","41.90","60019.00","TER 7","","11.38","92.00","28.00","46.10","93.41","2817.58","","167.56","95.48","0.00","44.38","85.58","75.32","9448.06","298.18","38.00","31.21","1496.60","47.00","31.32","1577.04","-6.11","86.00","-8.07","-56.17","-177.39","-64.11","-162.30","-52.43","-178.91","-53.23","-169.95","83.09","84.24","40.21","149.09","93.30","85.50","60019.00","100.00","100.00","1.68","1.68","1.48","1.48","1.48","1.48","6.00","6.00","6.00","6.00","6.00","5.00","1061","1061","1061","1061","1061","1061","2.40","95.93"
"08/07/2024 16:29:06","Bionis YE 5 - Ext.Lev SC-20 AGLO","Q624237 (155615)","Secagem - 1a H","","24ME0653 (155440)","41.90","60038.78","TER 7","","11.38","92.00","28.00","46.20","93.41","2814.32","","167.53","95.65","0.00","44.38","86.00","74.87","9509.89","300.89","38.24","31.21","1493.82","46.60","31.32","1593.88","-6.55","86.00","-7.54","-54.92","-178.98","-63.81","-164.43","-54.81","-180.08","-53.34","-171.93","83.58","84.13","40.15","148.04","93.29","85.52","60038.78","100.00","100.00","1.68","1.68","1.48","1.48","1.48","1.48","6.00","6.00","6.00","6.00","6.00","5.00","1061","1061","1061","1061","1061","1061","2.50","96.01"
"08/07/2024 17:01:05","Bionis YE 5 - Ext.Lev SC-20 AGLO","Q624237 (155615)","Secagem - 2a H","","24ME0653 (155440)","41.90","61848.50","TER 7","","12.04","92.00","27.03","46.16","93.70","2826.19","","167.46","93.22","0.00","44.35","85.00","75.04","9575.73","296.65","42.00","31.26","1486.31","46.00","31.24","1615.49","-6.84","86.00","-8.19","-58.57","-180.01","-66.29","-164.91","-59.25","-181.47","-54.45","-172.59","82.84","83.77","29.14","142.51","93.88","86.10","61848.50","100.00","100.00","1.68","1.68","1.48","1.48","1.48","1.48","6.00","6.00","6.00","6.00","6.00","5.00","1061","1061","1061","1061","1061","1061","2.58","91.39"
"08/07/2024 18:01:07","Bionis YE 5 - Ext.Lev SC-20 AGLO","Q624237 (155615)","Secagem - 3a H","","24ME0653 (155440)","41.90","65281.46","TER 7","","12.09","92.00","25.14","45.13","95.06","2858.90","","167.47","91.19","0.00","43.96","86.00","74.90","9413.05","300.05","43.00","31.05","1512.06","47.00","31.01","1589.95","-10.27","86.00","-8.04","-56.49","-180.58","-66.40","-165.47","-61.06","-183.14","-55.23","-174.27","82.62","83.40","31.18","144.00","94.39","86.97","65281.46","100.00","100.00","1.68","1.68","1.48","1.48","1.48","1.48","6.00","6.00","6.00","6.00","6.00","5.00","1061","1061","1061","1061","1061","1061","2.48","84.58"
"08/07/2024 19:01:08","Bionis YE 5 - Ext.Lev SC-20 AGLO","Q624237 (155615)","Secagem - 4a H","","24ME0653 (155440)","41.90","68740.84","TER 7","","12.05","92.00","24.86","44.79","95.33","2866.52","","167.23","93.87","0.00","43.27","85.67","75.09","9489.60","298.37","44.00","30.65","1492.82","47.00","30.53","1603.76","-5.58","86.00","-8.30","-58.07","-181.00","-67.84","-165.70","-59.04","-183.33","-56.68","-174.52","78.40","79.13","41.27","143.39","94.66","86.78","68740.84","100.00","100.00","1.68","1.68","1.48","1.48","1.48","1.48","6.00","6.00","6.00","6.00","6.00","5.00","1061","1061","1061","1061","1061","1061","2.55","76.81"
"08/07/2024 20:01:12","Bionis YE 5 - Ext.Lev SC-20 AGLO","Q624237 (155615)","Secagem - 5a H","","24ME0653 (155440)","41.90","72197.41","TER 7","","12.33","92.00","25.00","43.90","95.28","2870.30","","167.48","93.16","0.00","42.96","85.00","74.95","9458.29","301.13","44.00","30.27","1491.76","47.00","30.16","1591.52","-5.35","86.90","-7.33","-55.49","-180.27","-67.01","-165.38","-59.92","-181.80","-54.71","-172.88","85.76","77.30","47.41","143.08","93.67","86.88","72197.41","100.00","100.00","1.68","1.68","1.48","1.48","1.48","1.48","6.00","6.00","6.00","6.00","6.00","5.00","1061","1061","1061","1061","1061","1061","2.61","70.80"
"08/07/2024 21:01:10","Bionis YE 5 - Ext.Lev SC-20 AGLO","Q624237 (155615)","Secagem - 6a H","","24ME0653 (155440)","41.90","75661.73","TER 7","","12.16","92.00","24.97","44.18","94.88","2859.60","","167.02","91.57","0.00","42.81","85.00","75.07","9446.68","293.73","44.44","30.38","1491.57","48.00","30.24","1590.89","-6.86","86.00","-7.17","-60.34","-181.25","-65.97","-165.64","-57.30","-182.68","-53.76","-174.69","84.34","86.32","46.06","143.08","96.36","87.43","75661.73","100.00","100.00","1.68","1.68","1.48","1.48","1.48","1.48","6.00","6.00","6.00","6.00","6.00","5.00","1061","1061","1061","1061","1061","1061","2.49","62.52"
"08/07/2024 22:01:08","Bionis YE 5 - Ext.Lev SC-20 AGLO","Q624237 (155615)","Secagem - 7a H","","24ME0653 (155440)","41.90","79120.04","TER 7","","12.38","92.00","23.72","44.73","95.37","2865.67","","168.34","91.32","0.00","43.29","86.00","74.89","9366.89","298.44","47.36","30.69","1472.77","49.41","30.51","1577.90","-3.98","85.91","-8.92","-60.26","-179.68","-67.52","-164.50","-59.06","-181.65","-54.08","-172.71","73.36","78.77","47.10","143.15","93.00","86.83","79120.04","100.00","100.00","1.68","1.68","1.48","1.48","1.48","1.48","6.00","6.00","6.00","6.00","6.00","5.00","1061","1061","1061","1061","1061","1061","2.76","61.99"
"08/07/2024 23:01:03","Bionis YE 5 - Ext.Lev SC-20 AGLO","Q624237 (155615)","Secagem - 8a H","","24ME0653 (155440)","41.90","82590.16","TER 7","","12.05","92.00","22.45","43.18","95.62","2870.70","","167.71","93.41","0.00","41.85","86.00","75.00","9558.47","298.69","49.00","30.12","1499.74","50.00","29.89","1604.75","-5.42","86.00","-8.57","-56.84","-182.07","-65.58","-165.36","-59.87","-182.56","-57.43","-173.39","70.09","71.94","61.96","144.91","94.48","86.93","82590.16","100.00","100.00","1.68","1.68","1.48","1.48","1.48","1.48","6.00","6.00","6.00","6.00","6.00","5.00","1061","1061","1061","1061","1061","1061","2.47","61.12"
"09/07/2024 00:01:03","Bionis YE 5 - Ext.Lev SC-20 AGLO","Q624237 (155615)","Secagem - 9a H","","24ME0653 (155440)","41.90","86079.07","TER 7","","12.04","92.00","22.38","43.84","95.71","2872.67","","167.58","92.53","0.00","42.00","87.00","75.14","9349.43","300.36","50.00","30.21","1502.27","50.05","29.93","1615.69","-5.73","86.00","-9.00","-57.48","-180.31","-67.81","-164.42","-58.96","-182.01","-56.28","-174.38","103.73","75.26","56.92","142.48","96.67","87.35","86079.07","100.00","100.00","1.68","1.68","1.48","1.48","1.48","1.48","6.00","6.00","6.00","6.00","6.00","5.00","1061","1061","1061","1061","1061","1061","2.77","60.53"
"09/07/2024 01:01:38","Bionis YE 5 - Ext.Lev SC-20 AGLO","Q624237 (155615)","Secagem - Fim RO","","24ME0653 (155440)","0.00","88218.91","TER 7","","11.17","86.00","22.11","42.18","0.00","0.00","","96.08","76.47","0.00","40.63","60.00","62.44","7098.67","142.34","60.00","41.59","2103.55","60.00","40.99","1842.95","20.00","78.00","-8.23","-52.31","-174.37","-66.82","-133.84","-53.43","-174.83","-59.77","-165.64","78.89","72.98","1.45","6.19","74.94","102.08","88218.91","100.00","11.56","1.68","1.68","1.48","1.48","1.48","1.48","6.00","6.00","6.00","6.00","6.00","5.00","1033","1033","1033","1033","1033","1033","2.26","85.00"
"09/07/2024 04:22:35","Bionis YE 38 (OT) - Ext.Lev SC-20 AGLO","Q624238 (155585)","Secagem - 1a H","","24ME0656 (155681)","44.20","88218.91","TER 6","","11.47","86.00","21.67","41.39","0.00","0.00","","113.71","70.69","0.00","39.55","60.00","63.33","7031.59","140.72","60.00","41.97","2223.91","60.00","41.22","1965.83","8.74","78.00","-10.51","-61.10","-180.28","-72.72","-142.96","-60.64","-178.86","-63.21","-170.06","84.30","82.30","43.78","7.76","45.33","100.47","0.00","100.00","11.38","1.68","1.68","1.68","1.68","1.68","1.68","6.00","6.00","6.00","6.00","6.00","5.00","1033","1033","1033","1033","1033","1033","1.99","99.22"
"09/07/2024 04:56:08","Bionis YE 38 (OT) - Ext.Lev SC-20 AGLO","Q624238 (155585)","Secagem - 2a H","","24ME0656 (155681)","44.20","410.64","TER 6","","12.02","88.00","21.82","41.61","51.43","1617.00","","143.02","78.44","0.00","40.29","63.05","75.51","7028.05","156.03","40.00","33.93","1496.66","46.00","28.62","1586.61","1.86","78.00","-6.35","-48.51","-155.55","-60.74","-137.51","-49.69","-154.85","-50.48","-147.46","86.55","84.97","54.64","162.52","98.26","91.80","410.64","100.00","24.80","1.68","1.68","1.48","1.48","1.48","1.48","6.00","6.00","6.00","6.00","6.00","5.00","1061","1061","1061","1033","1033","1033","2.01","98.87"
"09/07/2024 05:56:07","Bionis YE 38 (OT) - Ext.Lev SC-20 AGLO","Q624238 (155585)","Secagem - 3a H","","24ME0656 (155681)","44.20","3153.48","TER 6","","12.43","92.00","22.04","46.86","93.67","2911.78","","168.72","89.86","0.00","44.29","83.00","74.91","8865.43","285.53","39.35","40.16","1486.51","45.00","30.47","1618.74","-1.00","85.00","-7.45","-56.35","-171.95","-66.18","-157.39","-55.56","-174.48","-53.00","-166.51","85.45","82.22","49.94","159.44","93.41","86.47","3153.48","100.00","100.00","1.68","1.68","1.48","1.48","1.48","1.48","6.00","6.00","6.00","6.00","6.00","5.00","1061","1061","1061","1061","1061","1061","1.87","98.73"
"09/07/2024 06:34:56","Bionis YE 38 (OT) - Ext.Lev SC-20 AGLO","Q624238 (155585)","Troca Lote ou Ordem","","24ME0656 (155681)","44.20","5450.03","TER 6","","12.06","92.00","21.95","47.71","93.85","2921.68","","168.15","89.77","0.00","44.78","85.00","74.91","9036.57","300.80","40.00","40.07","1490.77","45.58","31.11","1594.33","-1.98","85.00","-8.22","-55.98","-174.47","-63.52","-159.17","-58.41","-176.84","-53.16","-168.32","87.76","85.10","60.88","159.68","95.70","85.79","5450.03","100.00","100.00","1.68","1.68","1.48","1.48","1.48","1.48","6.00","6.00","6.00","6.00","6.00","5.00","1061","1061","1061","1061","1061","1061","1.65","98.71"
"09/07/2024 06:37:06","Bionis YE 38 (OT) - Ext.Lev SC-20 AGLO","Q624239 (155687)","Secagem - 1a H","","24ME0656 (155681)","44.20","5579.33","TER 6","","12.15","92.00","21.99","47.66","93.79","2918.60","","169.06","91.95","0.00","44.88","85.00","75.03","8981.67","298.26","40.00","40.11","1488.94","46.00","31.16","1608.01","-2.81","85.00","-8.12","-56.73","-173.77","-65.34","-158.49","-56.83","-176.44","-53.51","-167.17","86.30","85.23","61.05","159.16","95.69","85.79","5579.33","100.00","100.00","1.68","1.68","1.48","1.48","1.48","1.48","6.00","6.00","6.00","6.00","6.00","5.00","1061","1061","1061","1061","1061","1061","1.82","99.60"
"09/07/2024 06:58:08","Bionis YE 38 (OT) - Ext.Lev SC-20 AGLO","Q624239 (155687)","Secagem - 2a H","","24ME0656 (155681)","44.20","6824.16","TER 6","","12.22","92.00","21.98","47.90","93.99","2916.67","","169.24","93.22","0.00","44.99","83.89","74.95","8927.48","301.45","40.00","40.13","1503.07","46.00","31.24","1591.19","-2.05","85.00","-6.60","-56.00","-174.09","-66.15","-158.26","-58.41","-176.74","-55.06","-168.42","85.45","86.24","60.28","160.12","96.03","86.30","6824.16","100.00","100.00","1.68","1.68","1.48","1.48","1.48","1.48","6.00","6.00","6.00","6.00","6.00","5.00","1061","1061","1061","1061","1061","1061","1.69","99.14"
"09/07/2024 07:58:03","Bionis YE 38 (OT) - Ext.Lev SC-20 AGLO","Q624239 (155687)","Secagem - 3a H","","24ME0656 (155681)","44.20","10380.96","TER 6","","12.18","92.00","22.00","48.48","94.09","2923.30","","168.89","90.59","0.00","45.15","85.00","75.08","8912.49","301.23","40.00","39.79","1511.67","45.00","31.30","1604.93","-5.34","85.00","-10.23","-58.70","-173.73","-66.51","-160.12","-56.34","-179.53","-56.50","-167.76","90.02","85.31","45.79","160.12","94.87","85.93","10380.96","100.00","100.00","1.68","1.68","1.48","1.48","1.48","1.48","6.00","6.00","6.00","6.00","6.00","5.00","1061","1061","1061","1061","1061","1061","1.80","98.45"
"09/07/2024 08:58:05","Bionis YE 38 (OT) - Ext.Lev SC-20 AGLO","Q624239 (155687)","Secagem - 4a H","","24ME0656 (155681)","44.20","13950.71","TER 6","","12.11","92.00","22.01","48.12","94.25","2924.15","","168.77","92.00","0.00","45.34","84.88","74.96","9025.86","299.75","39.75","40.08","1482.65","46.00","31.41","1590.29","-3.22","85.00","-7.08","-57.70","-173.84","-64.89","-158.41","-58.82","-175.97","-52.15","-169.04","85.37","84.58","38.81","160.25","94.84","86.53","13950.71","100.00","100.00","1.68","1.68","1.48","1.48","1.48","1.48","6.00","6.00","6.00","6.00","6.00","5.00","1061","1061","1061","1061","1061","1061","1.92","99.61"
"09/07/2024 09:58:05","Bionis YE 38 (OT) - Ext.Lev SC-20 AGLO","Q624239 (155687)","Secagem - 5a H","","24ME0656 (155681)","44.20","17525.21","TER 6","","12.11","92.00","21.89","47.66","94.40","2924.75","","169.59","91.48","0.00","45.15","85.00","75.10","8989.75","298.18","40.00","39.82","1511.60","45.65","31.36","1602.66","-2.74","85.00","-6.71","-57.41","-175.88","-66.51","-160.01","-57.95","-178.67","-56.08","-169.85","82.46","84.28","43.76","160.20","94.97","86.58","17525.21","100.00","100.00","1.68","1.68","1.48","1.48","1.48","1.48","6.00","6.00","6.00","6.00","6.00","5.00","1061","1061","1061","1061","1061","1061","1.84","99.37"
"09/07/2024 10:58:01","Bionis YE 38 (OT) - Ext.Lev SC-20 AGLO","Q624239 (155687)","Secagem - 6a H","","24ME0656 (155681)","44.20","21095.52","TER 6","","12.02","92.00","21.99","47.46","94.45","2925.72","","165.58","90.24","0.00","44.51","85.00","74.73","9004.25","296.55","47.00","39.96","1498.86","49.00","31.37","1627.83","-6.01","85.00","-8.97","-56.32","-174.25","-65.77","-159.81","-57.91","-177.24","-54.29","-169.33","86.58","84.65","48.37","160.76","95.34","85.57","21095.52","100.00","100.00","1.68","1.68","1.48","1.48","1.48","1.48","6.00","6.00","6.00","6.00","6.00","5.00","1061","1061","1061","1061","1061","1061","1.82","97.64"
"09/07/2024 11:58:02","Bionis YE 38 (OT) - Ext.Lev SC-20 AGLO","Q624239 (155687)","Secagem - 7a H","","24ME0656 (155681)","44.20","24672.74","TER 6","","12.64","92.00","21.94","46.18","94.30","2925.21","","166.56","92.70","0.00","43.79","84.71","75.04","8970.36","298.37","48.00","39.91","1496.39","49.24","30.76","1604.92","-3.47","85.00","-7.55","-57.55","-174.37","-65.50","-159.86","-56.44","-175.78","-54.26","-167.33","85.41","85.68","47.06","160.53","95.39","84.83","24672.74","100.00","100.00","1.68","1.68","1.48","1.48","1.48","1.48","6.00","6.00","6.00","6.00","6.00","5.00","1061","1061","1061","1061","1061","1061","1.90","99.34"
"09/07/2024 12:58:05","Bionis YE 38 (OT) - Ext.Lev SC-20 AGLO","Q624239 (155687)","Secagem - 8a H","","24ME0656 (155681)","44.20","28248.51","TER 6","","12.73","92.00","22.22","48.32","94.32","2922.59","","168.36","90.84","0.00","45.25","84.00","74.92","8968.02","297.28","48.30","40.09","1485.19","50.00","31.73","1608.19","-8.44","85.00","-9.53","-58.05","-174.81","-65.35","-160.16","-59.68","-177.21","-54.63","-169.96","86.26","84.64","42.57","160.42","94.57","86.35","28248.51","100.00","100.00","1.68","1.68","1.48","1.48","1.48","1.48","6.00","6.00","6.00","6.00","6.00","5.00","1061","1061","1061","1061","1061","1061","1.78","98.22"
"09/07/2024 13:58:03","Bionis YE 38 (OT) - Ext.Lev SC-20 AGLO","Q624239 (155687)","Secagem - 9a H","","24ME0656 (155681)","44.20","31824.20","TER 6","","12.87","92.00","22.23","47.73","94.44","2928.30","","168.19","91.96","0.00","45.13","84.98","74.93","9005.64","296.56","48.52","39.94","1485.78","50.00","31.67","1609.08","-5.89","85.00","-9.81","-53.68","-176.91","-65.91","-159.65","-59.01","-176.40","-57.85","-170.28","83.40","83.90","42.51","160.24","94.93","85.81","31824.20","100.00","100.00","1.68","1.68","1.48","1.48","1.48","1.48","6.00","6.00","6.00","6.00","6.00","5.00","1061","1061","1061","1061","1061","1061","1.89","97.86"
"09/07/2024 14:59:03","Bionis YE 38 (OT) - Ext.Lev SC-20 AGLO","Q624239 (155687)","Secagem - 10a H","","24ME0656 (155681)","44.20","35401.23","TER 6","","13.40","92.00","22.77","48.38","94.58","2928.86","","167.70","91.73","0.00","45.32","85.00","74.87","8986.29","301.74","48.08","40.05","1493.06","50.00","31.85","1603.22","-5.97","85.00","-7.62","-54.46","-172.98","-65.29","-158.11","-56.02","-177.20","-54.69","-169.06","85.99","85.38","46.12","161.57","95.83","85.68","35401.23","100.00","100.00","1.68","1.68","1.48","1.48","1.48","1.48","6.00","6.00","6.00","6.00","6.00","5.00","1061","1061","1061","1061","1061","1061","1.94","97.56"
"09/07/2024 15:59:04","Bionis YE 38 (OT) - Ext.Lev SC-20 AGLO","Q624239 (155687)","Secagem - 11a H","","24ME0656 (155681)","44.20","38977.59","TER 6","","13.17","92.00","22.74","48.13","94.32","2926.24","","168.18","91.44","0.00","45.44","85.20","74.86","8965.91","302.04","49.00","39.93","1479.25","50.00","32.03","1602.70","-2.98","85.00","-7.91","-59.83","-174.08","-63.51","-159.63","-56.66","-176.70","-51.62","-167.61","85.69","85.28","46.88","159.86","94.78","85.83","38977.59","100.00","100.00","1.68","1.68","1.48","1.48","1.48","1.48","6.00","6.00","6.00","6.00","6.00","5.00","1061","1061","1061","1061","1061","1061","2.09","97.77"
"09/07/2024 16:59:01","Bionis YE 38 (OT) - Ext.Lev SC-20 AGLO","Q624239 (155687)","Secagem - 12a H","","24ME0656 (155681)","44.20","42546.49","TER 6","","13.44","92.00","23.00","48.24","94.45","2927.95","","168.29","91.87","0.00","45.33","85.00","75.00","9055.39","300.90","48.74","39.85","1508.62","50.28","32.01","1605.84","-3.34","85.00","-7.56","-58.06","-173.49","-61.46","-158.98","-54.81","-176.09","-56.21","-167.80","83.24","84.82","44.39","159.95","94.88","85.99","42546.49","100.00","100.00","1.68","1.68","1.48","1.48","1.48","1.48","6.00","6.00","6.00","6.00","6.00","5.00","1061","1061","1061","1061","1061","1061","2.00","97.38"
"09/07/2024 17:59:01","Bionis YE 38 (OT) - Ext.Lev SC-20 AGLO","Q624239 (155687)","Secagem - 13a H","","24ME0656 (155681)","44.20","46120.63","TER 6","","13.33","92.00","22.88","48.32","94.33","2929.64","","167.87","91.79","0.00","45.50","85.00","74.89","8933.07","303.64","49.57","40.10","1496.37","50.91","31.98","1595.99","-4.29","85.00","-8.22","-57.76","-173.85","-64.62","-158.38","-55.06","-174.09","-52.74","-168.29","85.50","84.25","44.78","161.62","94.98","85.82","46120.63","100.00","100.00","1.68","1.68","1.48","1.48","1.48","1.48","6.00","6.00","6.00","6.00","6.00","5.00","1061","1061","1061","1061","1061","1061","2.09","97.85"
"09/07/2024 18:59:04","Bionis YE 38 (OT) - Ext.Lev SC-20 AGLO","Q624239 (155687)","Secagem - 14a H","","24ME0656 (155681)","44.20","49697.05","TER 6","","13.33","92.00","22.72","48.32","94.37","2932.98","","168.45","91.48","0.00","45.46","85.00","75.06","8922.48","304.09","49.00","39.82","1488.65","50.13","31.94","1607.62","-5.95","85.00","-6.96","-55.80","-172.92","-63.21","-159.24","-53.82","-175.08","-54.03","-168.21","84.31","83.98","45.16","160.70","94.96","86.17","49697.05","100.00","100.00","1.68","1.68","1.48","1.48","1.48","1.48","6.00","6.00","6.00","6.00","6.00","5.00","1061","1061","1061","1061","1061","1061","2.16","98.42"
"09/07/2024 19:59:00","Bionis YE 38 (OT) - Ext.Lev SC-20 AGLO","Q624239 (155687)","Secagem - 15a H","","24ME0656 (155681)","44.20","53265.42","TER 6","","13.25","92.00","22.54","47.81","94.47","2927.98","","167.70","92.16","0.00","45.23","85.00","75.08","8978.67","302.06","49.00","40.06","1502.72","51.00","31.83","1599.49","-3.70","85.00","-7.27","-57.09","-172.27","-60.12","-157.30","-52.57","-174.48","-54.12","-166.33","83.95","83.62","44.99","160.67","94.72","85.47","53265.42","100.00","100.00","1.68","1.68","1.48","1.48","1.48","1.48","6.00","6.00","6.00","6.00","6.00","5.00","1061","1061","1061","1061","1061","1061","2.11","97.92"
"09/07/2024 20:59:02","Bionis YE 38 (OT) - Ext.Lev SC-20 AGLO","Q624239 (155687)","Secagem - 16a H","","24ME0656 (155681)","44.20","56840.09","TER 6","","12.64","92.00","22.18","46.79","94.45","2929.80","","166.82","90.88","0.00","44.30","85.00","75.10","9011.47","302.38","49.00","39.81","1494.33","50.00","31.10","1603.82","-5.52","85.00","-7.38","-58.95","-174.32","-63.72","-158.97","-56.16","-175.92","-55.35","-167.83","83.37","83.22","43.84","160.78","94.79","85.15","56840.09","100.00","100.00","1.68","1.68","1.48","1.48","1.48","1.48","6.00","6.00","6.00","6.00","6.00","5.00","1061","1061","1061","1061","1061","1061","1.95","98.01"
"09/07/2024 21:18:37","Bionis YE 38 (OT) - Ext.Lev SC-20 AGLO","Q624240 (155688)","Troca Lote ou Ordem","","24ME0656 (155681)","44.20","58008.95","TER 6","","12.46","92.00","21.90","47.18","94.58","2928.68","","168.42","89.90","0.00","44.58","85.00","74.93","9017.92","301.49","50.00","40.00","1497.53","51.00","31.19","1597.38","-5.89","85.00","-8.90","-61.32","-175.55","-67.03","-160.93","-60.50","-177.85","-54.63","-170.18","82.25","82.92","43.62","161.35","95.06","85.73","58008.95","100.00","100.00","1.68","1.68","1.48","1.48","1.48","1.48","6.00","6.00","6.00","6.00","6.00","5.00","1061","1061","1061","1061","1061","1061","1.85","97.64"
"09/07/2024 21:19:08","Bionis YE 38 (OT) - Ext.Lev SC-20 AGLO","Q624240 (155688)","Secagem - 1a H","","24ME0656 (155681)","44.20","58039.74","TER 6","","12.58","92.00","21.93","47.16","94.55","2931.55","","168.13","91.13","0.00","44.55","85.00","75.03","9016.97","302.65","50.00","39.90","1495.31","50.52","31.18","1594.92","-4.67","85.00","-9.09","-58.98","-174.71","-67.52","-161.66","-57.84","-178.36","-54.59","-170.27","81.57","82.93","43.57","160.72","95.01","85.88","58039.74","100.00","100.00","1.68","1.68","1.48","1.48","1.48","1.48","6.00","6.00","6.00","6.00","6.00","5.00","1061","1061","1061","1061","1061","1061","1.88","97.98"
"09/07/2024 21:59:03","Bionis YE 38 (OT) - Ext.Lev SC-20 AGLO","Q624240 (155688)","Secagem - 2a H","","24ME0656 (155681)","44.20","60422.61","TER 6","","12.44","92.00","21.90","47.74","94.56","2932.39","","167.94","90.93","0.00","44.78","85.00","75.02","8954.42","301.23","49.00","39.99","1488.42","50.69","31.52","1589.46","-2.87","85.00","-7.86","-56.99","-174.59","-65.49","-159.27","-56.02","-175.10","-54.27","-167.89","84.54","82.38","44.94","161.03","95.11","85.73","60422.61","100.00","100.00","1.68","1.68","1.48","1.48","1.48","1.48","6.00","6.00","6.00","6.00","6.00","5.00","1061","1061","1061","1061","1061","1061","1.90","96.63"
"09/07/2024 22:59:03","Bionis YE 38 (OT) - Ext.Lev SC-20 AGLO","Q624240 (155688)","Secagem - 3a H","","24ME0656 (155681)","44.20","64005.68","TER 6","","12.22","92.00","21.63","47.16","94.69","2932.01","","168.29","91.21","0.00","44.71","85.00","75.09","8991.17","299.78","49.00","40.10","1497.84","50.55","31.35","1611.56","-4.61","84.60","-7.68","-57.93","-173.98","-65.76","-158.83","-57.53","-175.84","-53.01","-168.32","81.05","81.76","45.82","160.90","94.74","85.96","64005.68","100.00","100.00","1.68","1.68","1.48","1.48","1.48","1.48","6.00","6.00","6.00","6.00","6.00","5.00","1061","1061","1061","1061","1061","1061","1.91","94.20"
"09/07/2024 23:59:01","Bionis YE 38 (OT) - Ext.Lev SC-20 AGLO","Q624240 (155688)","Secagem - 4a H","","24ME0656 (155681)","44.20","67582.05","TER 6","","12.27","92.00","21.81","47.37","94.70","2936.53","","168.15","92.31","0.00","44.60","85.00","75.12","9003.01","300.71","50.00","40.11","1510.28","51.00","31.22","1598.12","-5.35","84.75","-7.59","-58.97","-173.04","-64.90","-157.98","-55.16","-176.30","-53.03","-167.08","83.62","81.94","45.41","161.54","94.85","85.71","67582.05","100.00","100.00","1.68","1.68","1.48","1.48","1.48","1.48","6.00","6.00","6.00","6.00","6.00","5.00","1061","1061","1061","1061","1061","1061","2.07","92.90"
"10/07/2024 00:59:02","Bionis YE 38 (OT) - Ext.Lev SC-20 AGLO","Q624240 (155688)","Secagem - 5a H","","24ME0656 (155681)","44.20","71163.43","TER 6","","11.73","92.00","21.27","46.69","94.60","2935.14","","167.68","90.12","0.00","44.13","84.60","75.01","9012.95","301.26","50.00","40.01","1507.83","50.00","30.91","1607.89","-6.97","85.00","-8.92","-57.95","-174.27","-65.82","-159.31","-58.33","-176.69","-54.70","-168.40","77.38","80.52","44.91","161.55","94.58","85.47","71163.43","100.00","100.00","1.68","1.68","1.48","1.48","1.48","1.48","6.00","6.00","6.00","6.00","6.00","5.00","1061","1061","1061","1061","1061","1061","1.76","90.75"
"10/07/2024 01:59:03","Bionis YE 38 (OT) - Ext.Lev SC-20 AGLO","Q624240 (155688)","Secagem - 6a H","","24ME0656 (155681)","44.20","74761.24","TER 6","","11.88","92.00","21.10","46.51","95.44","2948.22","","167.94","89.86","0.00","44.03","84.92","74.89","8998.59","304.37","50.00","40.06","1509.35","51.00","31.05","1589.83","-5.62","85.00","-7.94","-57.31","-174.26","-64.43","-159.95","-57.69","-177.72","-54.49","-168.89","64.17","66.69","70.92","163.09","93.72","85.18","74761.24","100.00","100.00","1.68","1.68","1.48","1.48","1.48","1.48","6.00","6.00","6.00","6.00","6.00","5.00","1061","1061","1061","1061","1061","1061","1.74","89.44"
"10/07/2024 02:59:04","Bionis YE 38 (OT) - Ext.Lev SC-20 AGLO","Q624240 (155688)","Secagem - 7a H","","24ME0656 (155681)","44.20","78382.90","TER 6","","11.51","92.00","20.86","46.76","95.41","2948.82","","168.19","89.86","0.00","44.11","85.00","74.78","9020.34","303.75","50.71","40.01","1495.69","51.00","30.97","1596.17","-2.08","85.00","-8.25","-59.40","-175.88","-65.79","-158.67","-58.00","-176.68","-54.41","-169.97","67.45","66.16","98.89","164.18","95.16","85.28","78382.90","100.00","100.00","1.68","1.68","1.48","1.48","1.48","1.48","6.00","6.00","6.00","6.00","6.00","5.00","1061","1061","1061","1061","1061","1061","1.76","90.58"
"10/07/2024 03:58:59","Bionis YE 38 (OT) - Ext.Lev SC-20 AGLO","Q624240 (155688)","Secagem - 8a H","","24ME0656 (155681)","44.20","81985.70","TER 6","","11.56","92.00","20.68","46.74","95.33","2943.10","","167.43","90.26","0.00","43.87","85.00","74.99","9056.66","300.80","50.70","39.97","1499.98","51.00","30.74","1588.27","-3.67","85.00","-7.83","-56.90","-174.57","-65.71","-158.72","-56.94","-176.91","-55.04","-167.76","85.61","70.20","95.89","164.64","95.90","85.12","81985.70","100.00","100.00","1.68","1.68","1.48","1.48","1.48","1.48","6.00","6.00","6.00","6.00","6.00","5.00","1061","1061","1061","1061","1061","1061","1.61","91.02"
"10/07/2024 04:59:03","Bionis YE 38 (OT) - Ext.Lev SC-20 AGLO","Q624240 (155688)","Secagem - 9a H","","24ME0656 (155681)","44.20","85591.71","TER 6","","11.07","92.00","20.53","46.51","94.97","2942.63","","167.67","89.86","0.00","43.77","85.00","74.86","8937.51","302.98","50.36","39.95","1488.78","51.00","30.75","1600.58","-5.39","84.45","-9.01","-58.71","-174.74","-66.04","-159.38","-59.74","-176.35","-56.67","-169.00","82.64","80.89","76.78","162.55","95.80","85.35","85591.71","100.00","100.00","1.68","1.68","1.48","1.48","1.48","1.48","6.00","6.00","6.00","6.00","6.00","5.00","1061","1061","1061","1061","1061","1061","1.57","89.01"
"10/07/2024 05:59:02","Bionis YE 38 (OT) - Ext.Lev SC-20 AGLO","Q624240 (155688)","Secagem - 10a H","","24ME0656 (155681)","44.20","89190.11","TER 6","","11.16","92.00","20.49","46.85","95.32","2945.81","","167.48","88.66","0.00","43.53","85.00","75.12","8992.80","302.46","51.00","39.76","1491.52","51.97","30.64","1588.50","-3.70","85.00","-7.31","-57.29","-172.94","-65.18","-158.92","-56.01","-175.46","-54.16","-167.96","57.36","66.75","86.55","162.80","91.01","84.27","89190.11","100.00","100.00","1.68","1.68","1.48","1.48","1.48","1.48","6.00","6.00","6.00","6.00","6.00","5.00","1061","1061","1061","1061","1061","1061","1.66","87.13"
"10/07/2024 06:59:03","Bionis YE 38 (OT) - Ext.Lev SC-20 AGLO","Q624240 (155688)","Secagem - 11a H","","24ME0656 (155681)","44.20","337.18","TER 6","","11.14","92.00","20.48","47.40","80.50","2492.79","","164.63","90.27","0.00","44.19","77.00","74.69","8254.24","244.18","45.44","40.96","1494.79","48.00","30.86","1595.58","-4.87","83.00","-6.42","-55.61","-170.75","-62.85","-155.45","-53.57","-175.15","-52.15","-163.99","97.06","75.94","32.40","157.20","91.61","91.03","337.18","100.00","68.66","1.68","1.68","1.48","1.48","1.48","1.48","6.00","6.00","6.00","6.00","6.00","5.00","1061","1061","1061","1061","1061","1033","1.37","83.24"
"10/07/2024 07:58:58","Bionis YE 38 (OT) - Ext.Lev SC-20 AGLO","Q624240 (155688)","Secagem - 12a H","","24ME0656 (155681)","43.00","3546.19","TER 6","","11.42","92.00","20.91","47.28","96.11","2935.65","","167.90","89.21","0.00","44.06","84.26","75.20","9021.57","300.11","51.00","39.82","1485.04","50.19","30.84","1600.76","-5.15","84.00","-8.11","-58.33","-172.21","-63.99","-157.69","-52.14","-176.47","-54.07","-166.82","88.14","83.05","54.63","160.01","97.77","85.39","3546.19","100.00","100.00","1.68","1.68","1.48","1.48","1.48","1.48","6.00","6.00","6.00","6.00","6.00","5.00","1061","1061","1061","1061","1061","1061","1.58","81.13"
"10/07/2024 08:56:05","Bionis YE 38 (OT) - Ext.Lev SC-20 AGLO","Q624240 (155688)","Troca Lote ou Ordem","","24ME0656 (155681)","43.00","6930.85","TER 6","","11.31","92.00","20.94","47.09","95.85","2934.04","","167.76","91.18","0.00","43.98","85.00","75.06","8949.81","303.96","57.82","40.01","1497.39","55.64","31.22","1591.73","-3.08","84.00","-7.41","-57.46","-173.27","-65.84","-158.45","-55.29","-175.87","-53.06","-165.85","85.76","85.93","60.77","158.69","94.97","84.27","6930.85","100.00","100.00","1.68","1.68","1.48","1.48","1.48","1.48","6.00","6.00","6.00","6.00","6.00","5.00","1061","1061","1061","1061","1061","1061","1.65","83.25"
"10/07/2024 08:58:26","Bionis YE 38 (OT) - Ext.Lev SC-20 AGLO","Q624241 (155688)","Secagem - 1a H","","24ME0656 (155681)","43.00","7070.96","TER 6","","11.44","92.00","21.01","46.69","95.85","2930.67","","167.97","89.74","0.00","44.01","85.00","75.11","8999.42","300.13","57.27","39.95","1492.74","55.76","31.23","1590.57","-3.80","84.00","-9.73","-58.54","-175.57","-68.39","-160.39","-56.21","-176.95","-58.66","-167.14","85.10","85.90","60.43","158.50","94.95","84.48","7070.96","100.00","100.00","1.68","1.68","1.48","1.48","1.48","1.48","6.00","6.00","6.00","6.00","6.00","5.00","1061","1061","1061","1061","1061","1061","1.86","83.96"
"10/07/2024 09:00:00","Bionis YE 38 (OT) - Ext.Lev SC-20 AGLO","Q624241 (155688)","Secagem - 2a H","","24ME0656 (155681)","43.00","7163.71","TER 6","","11.42","92.00","20.95","46.52","95.90","2934.50","","167.63","88.31","0.00","43.98","85.00","74.77","9001.83","305.54","58.00","40.04","1507.27","55.57","31.24","1605.74","-2.25","84.00","-6.97","-58.29","-174.82","-66.45","-157.82","-58.54","-178.44","-55.24","-168.73","84.70","85.87","60.15","159.13","94.90","84.44","7163.71","100.00","100.00","1.68","1.68","1.48","1.48","1.48","1.48","6.00","6.00","6.00","6.00","6.00","5.00","1061","1061","1061","1061","1061","1061","1.67","83.89"
"10/07/2024 09:59:58","Bionis YE 38 (OT) - Ext.Lev SC-20 AGLO","Q624241 (155688)","Secagem - 3a H","","24ME0656 (155681)","43.00","10711.26","TER 6","","11.67","92.00","21.17","47.35","95.87","2930.19","","167.50","90.12","0.00","44.20","85.25","75.09","8919.81","304.00","60.00","39.83","1494.98","58.00","31.48","1602.58","0.32","84.00","-8.22","-54.89","-171.02","-65.50","-157.31","-49.68","-173.98","-53.84","-169.54","80.53","84.57","42.62","158.52","94.60","84.12","10711.26","100.00","100.00","1.68","1.68","1.48","1.48","1.48","1.48","6.00","6.00","6.00","6.00","6.00","5.00","1061","1061","1061","1061","1061","1061","1.77","87.64"
"10/07/2024 10:59:57","Bionis YE 38 (OT) - Ext.Lev SC-20 AGLO","Q624241 (155688)","Secagem - 4a H","","24ME0656 (155681)","43.00","14263.21","TER 6","","11.70","92.00","21.41","46.88","95.77","2928.94","","168.14","90.30","0.00","44.26","85.00","75.06","8918.68","302.65","63.00","40.02","1506.40","61.00","31.89","1603.83","-1.64","84.00","-8.53","-60.55","-175.04","-67.83","-159.67","-60.39","-177.24","-55.60","-168.80","83.72","84.54","34.55","159.78","94.95","84.26","14263.21","100.00","100.00","1.68","1.68","1.48","1.48","1.48","1.48","6.00","6.00","6.00","6.00","6.00","5.00","1061","1061","1061","1061","1061","1061","1.72","91.70"
"10/07/2024 11:59:57","Bionis YE 38 (OT) - Ext.Lev SC-20 AGLO","Q624241 (155688)","Secagem - 5a H","","24ME0656 (155681)","43.00","17817.95","TER 6","","11.60","92.00","22.15","47.40","95.84","2937.71","","168.48","89.31","0.00","44.40","85.00","75.13","9048.76","302.52","64.19","40.17","1510.47","62.81","32.06","1607.73","-2.39","84.00","-8.98","-58.40","-175.63","-66.59","-159.53","-59.73","-177.20","-54.71","-168.54","83.48","84.58","38.42","160.51","95.26","84.74","17817.95","100.00","100.00","1.68","1.68","1.48","1.48","1.48","1.48","6.00","6.00","6.00","6.00","6.00","5.00","1061","1061","1061","1061","1061","1061","1.68","95.31"
"10/07/2024 12:59:58","Bionis YE 38 (OT) - Ext.Lev SC-20 AGLO","Q624241 (155688)","Secagem - 6a H","","24ME0656 (155681)","43.00","21370.55","TER 6","","11.50","92.00","22.57","47.18","95.73","2930.22","","168.28","90.84","0.00","44.68","85.30","74.98","8937.52","305.33","66.00","40.02","1503.09","63.63","32.35","1605.94","-2.17","84.00","-8.30","-56.35","-173.40","-65.85","-159.23","-58.85","-175.47","-56.31","-167.47","85.39","84.92","47.31","160.03","95.33","84.72","21370.55","100.00","100.00","1.68","1.68","1.48","1.48","1.48","1.48","6.00","6.00","6.00","6.00","6.00","5.00","1061","1061","1061","1061","1061","1061","1.88","98.33"
"10/07/2024 13:59:58","Bionis YE 38 (OT) - Ext.Lev SC-20 AGLO","Q624241 (155688)","Secagem - 7a H","","24ME0656 (155681)","43.00","24919.14","TER 6","","11.44","92.00","21.83","47.08","95.61","2930.62","","168.06","90.91","0.00","44.48","85.00","75.01","8962.93","302.57","66.00","39.81","1492.77","64.00","32.42","1595.80","-3.84","84.00","-7.30","-54.59","-172.50","-65.77","-158.60","-51.90","-174.76","-53.79","-166.85","85.74","84.96","49.85","159.94","94.84","84.55","24919.14","100.00","100.00","1.68","1.68","1.48","1.48","1.48","1.48","6.00","6.00","6.00","6.00","6.00","5.00","1061","1061","1061","1061","1061","1061","1.87","98.95"
"10/07/2024 14:59:57","Bionis YE 38 (OT) - Ext.Lev SC-20 AGLO","Q624241 (155688)","Secagem - 8a H","","24ME0656 (155681)","43.00","28462.88","TER 6","","11.28","92.00","21.91","46.96","95.56","2929.46","","168.06","89.25","0.00","44.18","85.00","75.32","8990.07","301.15","66.00","40.01","1493.31","64.95","32.28","1609.63","-3.38","84.00","-7.49","-57.64","-172.90","-65.47","-158.75","-57.87","-175.91","-53.76","-167.63","79.65","84.60","46.33","159.33","94.82","84.54","28462.88","100.00","100.00","1.68","1.68","1.48","1.48","1.48","1.48","6.00","6.00","6.00","6.00","6.00","5.00","1061","1061","1061","1061","1061","1061","1.73","97.68"
"10/07/2024 15:59:56","Bionis YE 38 (OT) - Ext.Lev SC-20 AGLO","Q624241 (155688)","Secagem - 9a H","","24ME0656 (155681)","43.00","32009.23","TER 6","","11.37","92.00","22.36","46.61","95.78","2929.95","","167.11","91.67","0.00","44.33","85.83","75.08","9058.91","301.47","67.00","39.79","1507.09","65.00","32.44","1592.59","-3.66","84.00","-8.49","-60.18","-172.69","-64.65","-159.94","-59.04","-177.44","-54.53","-167.56","85.38","84.38","42.20","158.78","94.94","84.10","32009.23","100.00","100.00","1.68","1.68","1.48","1.48","1.48","1.48","6.00","6.00","6.00","6.00","6.00","5.00","1061","1061","1061","1061","1061","1061","1.79","98.43"
"10/07/2024 16:59:58","Bionis YE 38 (OT) - Ext.Lev SC-20 AGLO","Q624241 (155688)","Secagem - 10a H","","24ME0656 (155681)","43.00","35556.14","TER 6","","10.98","92.00","22.15","47.24","95.67","2929.46","","166.55","89.85","0.00","44.04","85.00","75.04","9044.96","302.37","67.33","39.80","1481.21","66.00","32.33","1608.30","-3.82","84.00","-9.03","-56.49","-174.06","-65.02","-158.40","-58.57","-175.96","-54.13","-167.17","84.94","84.63","42.77","159.73","94.96","83.81","35556.14","100.00","100.00","1.68","1.68","1.48","1.48","1.48","1.48","6.00","6.00","6.00","6.00","6.00","5.00","1061","1061","1061","1061","1061","1061","1.83","99.35"
"10/07/2024 17:59:57","Bionis YE 38 (OT) - Ext.Lev SC-20 AGLO","Q624241 (155688)","Secagem - 11a H","","24ME0656 (155681)","43.00","39101.51","TER 6","","11.19","92.00","22.08","46.59","95.70","2926.81","","167.16","89.97","0.00","44.02","85.74","75.01","9012.31","303.38","68.55","39.84","1506.31","66.75","32.43","1594.06","-5.70","84.00","-8.87","-57.19","-173.47","-65.97","-158.39","-57.75","-175.54","-53.58","-167.64","85.35","84.73","43.62","157.96","95.21","84.18","39101.51","100.00","100.00","1.68","1.68","1.48","1.48","1.48","1.48","6.00","6.00","6.00","6.00","6.00","5.00","1061","1061","1061","1061","1061","1061","1.77","98.67"
"10/07/2024 18:59:57","Bionis YE 38 (OT) - Ext.Lev SC-20 AGLO","Q624241 (155688)","Secagem - 12a H","","24ME0656 (155681)","43.00","42646.48","TER 6","","11.04","92.00","21.48","46.87","96.01","2930.25","","167.32","91.75","0.00","44.10","85.50","74.95","9059.49","303.23","69.00","39.89","1509.90","66.82","32.39","1608.37","-4.67","84.00","-7.47","-54.11","-173.31","-65.31","-159.05","-56.93","-175.26","-55.38","-166.19","66.88","77.88","42.94","160.25","91.93","83.80","42646.48","100.00","100.00","1.68","1.68","1.48","1.48","1.48","1.48","6.00","6.00","6.00","6.00","6.00","5.00","1061","1061","1061","1061","1061","1061","1.72","98.40"
"10/07/2024 20:00:00","Bionis YE 38 (OT) - Ext.Lev SC-20 AGLO","Q624241 (155688)","Secagem - 13a H","","24ME0656 (155681)","43.00","46214.01","TER 6","","10.86","92.00","21.25","45.97","96.25","2941.64","","166.98","89.09","0.00","43.60","86.00","75.00","8980.05","301.76","69.03","40.01","1488.26","67.00","32.10","1599.45","-3.33","84.00","-8.04","-60.01","-175.22","-67.67","-160.38","-61.09","-176.70","-54.95","-170.07","66.45","76.46","41.99","162.91","95.79","83.90","46214.01","100.00","100.00","1.68","1.68","1.48","1.48","1.48","1.48","6.00","6.00","6.00","6.00","6.00","5.00","1061","1061","1061","1061","1061","1061","1.62","99.69"
"10/07/2024 21:00:00","Bionis YE 38 (OT) - Ext.Lev SC-20 AGLO","Q624241 (155688)","Secagem - 14a H","","24ME0656 (155681)","43.00","49755.71","TER 6","","11.05","92.00","20.99","45.74","94.83","2898.99","","166.97","90.16","0.00","43.48","85.00","74.91","9082.91","305.60","71.00","40.00","1497.33","68.00","32.02","1597.27","-3.59","84.00","-7.64","-56.63","-174.40","-65.78","-159.52","-58.29","-176.08","-53.81","-168.00","87.74","83.87","49.70","157.31","95.79","84.63","49755.71","100.00","100.00","1.68","1.68","1.48","1.48","1.48","1.48","6.00","6.00","6.00","6.00","6.00","5.00","1061","1061","1061","1061","1061","1061","1.64","98.35"
"10/07/2024 21:59:59","Bionis YE 38 (OT) - Ext.Lev SC-20 AGLO","Q624241 (155688)","Secagem - 15a H","","24ME0656 (155681)","43.00","53272.87","TER 6","","11.06","92.00","20.91","45.87","94.88","2902.03","","166.65","90.30","0.00","43.37","85.00","74.89","9054.26","304.15","70.00","40.13","1504.45","68.00","32.16","1593.63","-2.57","84.00","-7.71","-58.02","-173.49","-64.88","-159.13","-57.47","-176.65","-53.09","-168.20","77.56","76.77","51.23","158.32","93.48","83.95","53272.87","100.00","100.00","1.68","1.68","1.48","1.48","1.48","1.48","6.00","6.00","6.00","6.00","6.00","5.00","1061","1061","1061","1061","1061","1061","1.63","96.61"
"10/07/2024 22:59:53","Bionis YE 38 (OT) - Ext.Lev SC-20 AGLO","Q624241 (155688)","Secagem - 16a H","","24ME0656 (155681)","43.00","56782.94","TER 6","","10.86","92.00","20.56","45.63","94.75","2896.39","","166.28","90.83","0.00","42.91","85.06","74.84","8946.41","303.03","70.05","40.14","1499.94","68.00","31.82","1614.46","-6.29","84.00","-7.25","-58.27","-173.88","-63.84","-160.59","-54.80","-177.71","-55.04","-168.15","65.87","82.82","53.12","156.51","95.62","84.13","56782.94","100.00","100.00","1.68","1.68","1.48","1.48","1.48","1.48","6.00","6.00","6.00","6.00","6.00","5.00","1061","1061","1061","1061","1061","1061","1.60","94.15"
"10/07/2024 23:59:56","Bionis YE 38 (OT) - Ext.Lev SC-20 AGLO","Q624241 (155688)","Secagem - 17a H","","24ME0656 (155681)","43.00","60304.69","TER 6","","10.79","92.00","20.41","45.14","94.84","2897.96","","166.31","89.36","0.00","42.86","85.00","74.73","9026.26","303.91","71.00","40.04","1486.82","69.00","31.71","1592.71","-3.70","84.00","-8.65","-59.81","-176.53","-67.64","-162.05","-56.61","-178.61","-56.19","-170.55","86.44","83.07","49.32","158.62","97.64","84.62","60304.69","100.00","100.00","1.68","1.68","1.48","1.48","1.48","1.48","6.00","6.00","6.00","6.00","6.00","5.00","1061","1061","1061","1061","1061","1061","1.63","92.71"
"11/07/2024 00:59:57","Bionis YE 38 (OT) - Ext.Lev SC-20 AGLO","Q624241 (155688)","Secagem - 18a H","","24ME0656 (155681)","43.00","63821.61","TER 6","","11.22","92.00","21.02","46.48","94.98","2901.57","","166.45","90.24","0.00","43.38","85.05","75.05","8998.66","303.11","71.00","40.16","1498.73","69.00","32.15","1601.28","-5.80","84.00","-8.00","-55.12","-173.70","-66.52","-158.04","-58.10","-173.86","-52.40","-167.99","67.13","77.86","49.93","158.83","94.21","84.25","63821.61","100.00","100.00","1.68","1.68","1.48","1.48","1.48","1.48","6.00","6.00","6.00","6.00","6.00","5.00","1061","1061","1061","1061","1061","1061","1.55","90.62"
"11/07/2024 01:32:49","Bionis YE 38 (OT) - Ext.Lev SC-20 AGLO","Q624242 (155688)","Troca Lote ou Ordem","","24ME0657 (155667)","43.00","65751.46","TER 7","","10.92","92.00","21.10","46.19","94.85","2900.28","","166.76","87.77","0.00","43.52","85.00","74.84","8992.78","305.55","71.45","40.23","1502.44","69.72","32.28","1582.43","-4.64","84.00","-7.46","-58.54","-174.08","-65.46","-160.53","-58.65","-177.11","-52.85","-170.22","87.48","82.68","49.09","157.76","97.80","84.61","65751.46","100.00","100.00","1.68","1.68","1.48","1.48","1.48","1.48","6.00","6.00","6.00","6.00","6.00","5.00","1061","1061","1061","1061","1061","1061","1.57","90.85"
"11/07/2024 01:33:10","Bionis YE 38 (OT) - Ext.Lev SC-20 AGLO","Q624242 (155688)","Secagem - 1a H","","24ME0657 (155667)","43.00","65771.97","TER 7","","10.90","92.00","21.09","46.17","94.87","2901.93","","166.72","90.42","0.00","43.49","85.00","74.99","8977.83","303.21","71.80","40.17","1500.48","70.00","32.28","1588.79","-6.05","84.00","-7.06","-58.67","-174.02","-67.92","-159.49","-55.52","-176.29","-55.08","-167.21","87.25","82.75","49.14","158.68","97.80","84.60","65771.97","100.00","100.00","1.68","1.68","1.48","1.48","1.48","1.48","6.00","6.00","6.00","6.00","6.00","5.00","1061","1061","1061","1061","1061","1061","1.57","89.97"
"11/07/2024 01:59:55","Bionis YE 38 (OT) - Ext.Lev SC-20 AGLO","Q624242 (155688)","Secagem - 2a H","","24ME0657 (155667)","43.00","67339.36","TER 7","","10.96","92.00","21.24","45.95","94.89","2900.45","","166.74","90.01","0.00","43.34","85.00","74.81","9068.16","305.24","72.00","40.14","1497.50","69.69","32.32","1592.22","-5.52","84.00","-7.19","-57.34","-172.41","-64.33","-159.86","-56.97","-175.49","-51.43","-168.65","85.84","77.12","49.21","157.29","90.82","83.35","67339.36","100.00","100.00","1.68","1.68","1.48","1.48","1.48","1.48","6.00","6.00","6.00","6.00","6.00","5.00","1061","1061","1061","1061","1061","1061","1.60","89.72"
"11/07/2024 02:59:56","Bionis YE 38 (OT) - Ext.Lev SC-20 AGLO","Q624242 (155688)","Secagem - 3a H","","24ME0657 (155667)","43.00","70854.91","TER 7","","10.55","92.00","20.38","45.86","94.98","2906.41","","166.57","89.48","0.00","42.48","85.67","75.18","8967.94","304.72","72.00","39.92","1491.16","70.07","31.98","1594.76","-6.59","84.00","-8.52","-56.51","-176.33","-68.39","-161.06","-60.90","-177.66","-57.21","-170.15","84.67","75.87","48.21","159.52","93.74","83.46","70854.91","100.00","100.00","1.68","1.68","1.48","1.48","1.48","1.48","6.00","6.00","6.00","6.00","6.00","5.00","1061","1061","1061","1061","1061","1061","1.64","88.27"
"11/07/2024 03:59:57","Bionis YE 38 (OT) - Ext.Lev SC-20 AGLO","Q624242 (155688)","Secagem - 4a H","","24ME0657 (155667)","43.00","74372.41","TER 7","","10.70","92.00","20.26","45.08","94.89","2905.30","","165.88","89.61","0.00","42.63","86.00","74.98","9026.02","305.71","73.00","39.86","1504.61","71.00","32.25","1608.53","-6.02","84.00","-8.86","-58.18","-174.47","-66.61","-159.02","-60.94","-177.51","-54.21","-169.40","83.13","80.04","48.74","158.99","95.60","83.67","74372.41","100.00","100.00","1.68","1.68","1.48","1.48","1.48","1.48","6.00","6.00","6.00","6.00","6.00","5.00","1061","1061","1061","1061","1061","1061","1.55","87.34"
"11/07/2024 05:00:00","Bionis YE 38 (OT) - Ext.Lev SC-20 AGLO","Q624242 (155688)","Secagem - 5a H","","24ME0657 (155667)","43.00","77889.91","TER 7","","11.06","92.00","21.04","46.07","94.86","2907.60","","166.66","89.34","0.00","43.25","85.48","75.08","8970.92","307.91","73.00","39.83","1497.58","72.00","32.47","1590.13","-6.14","84.00","-8.27","-57.00","-171.93","-64.97","-158.18","-56.40","-176.02","-51.93","-166.65","81.18","74.76","48.77","159.31","93.46","83.48","77889.91","100.00","100.00","1.68","1.68","1.48","1.48","1.48","1.48","6.00","6.00","6.00","6.00","6.00","5.00","1061","1061","1061","1061","1061","1061","1.56","86.93"
"11/07/2024 05:59:58","Bionis YE 38 (OT) - Ext.Lev SC-20 AGLO","Q624242 (155688)","Secagem - 6a H","","","43.00","81404.63","","","10.97","92.00","20.89","46.45","94.90","2899.26","","167.08","89.70","0.00","43.29","85.00","75.08","8921.21","305.19","74.00","40.07","1502.70","72.00","32.33","1601.84","-5.62","84.00","-7.38","-57.21","-176.09","-67.09","-160.53","-57.91","-177.62","-56.33","-168.94","61.50","78.28","49.94","159.37","95.01","84.66","81404.63","100.00","100.00","1.68","1.68","1.48","1.48","1.48","1.48","6.00","6.00","6.00","6.00","6.00","5.00","1061","1061","1061","1061","1061","1061","1.69","84.23"
"11/07/2024 06:59:51","Bionis YE 38 (OT) - Ext.Lev SC-20 AGLO","Q624242 (155688)","Secagem - 7a H","","","43.00","84913.02","","","11.08","92.00","20.66","45.92","95.25","2903.32","","167.42","90.39","0.00","43.24","85.00","75.19","9033.25","303.80","73.00","39.92","1503.26","71.12","32.38","1603.80","-2.67","84.00","-7.28","-57.70","-174.91","-68.17","-159.81","-59.43","-176.64","-55.00","-168.17","76.92","74.00","48.57","159.55","91.07","83.92","84913.02","100.00","100.00","1.68","1.68","1.48","1.48","1.48","1.48","6.00","6.00","6.00","6.00","6.00","5.00","1061","1061","1061","1061","1061","1061","1.64","82.35"
